ISO-10303-21;
HEADER;
FILE_DESCRIPTION (( 'STEP AP214' ),
    '1' );
FILE_NAME ('ciambellauz_v2.STEP',
    '2026-07-20T12:59:59',
    ( '' ),
    ( '' ),
    'SwSTEP 2.0',
    'SolidWorks 2023',
    '' );
FILE_SCHEMA (( 'AUTOMOTIVE_DESIGN' ));
ENDSEC;

DATA;
#1 = CARTESIAN_POINT ( 'NONE',  ( 32.24999999999895550, 1.063517890891748976E-12, 13.70000000000000462 ) ) ;
#2 = EDGE_LOOP ( 'NONE', ( #1727, #987 ) ) ;
#3 = ORIENTED_EDGE ( 'NONE', *, *, #253, .T. ) ;
#4 = CARTESIAN_POINT ( 'NONE',  ( -7.435451106672820387, 20.43958333333333854, 2.700000000000000178 ) ) ;
#5 = CARTESIAN_POINT ( 'NONE',  ( -3.210202377663986972, -33.34583333333328170, 10.70000000000000107 ) ) ;
#6 = ORIENTED_EDGE ( 'NONE', *, *, #1883, .F. ) ;
#7 = ADVANCED_FACE ( 'NONE', ( #1504 ), #778, .F. ) ;
#8 = ORIENTED_EDGE ( 'NONE', *, *, #224, .T. ) ;
#9 = CARTESIAN_POINT ( 'NONE',  ( -31.48165708812317121, 11.45230400337960575, 2.700000000000000178 ) ) ;
#10 = CARTESIAN_POINT ( 'NONE',  ( 0.000000000000000000, 37.50000000000000711, 2.700000000000000178 ) ) ;
#11 = VERTEX_POINT ( 'NONE', #1077 ) ;
#12 = ORIENTED_EDGE ( 'NONE', *, *, #457, .F. ) ;
#13 = DIRECTION ( 'NONE',  ( 0.000000000000000000, 0.000000000000000000, -1.000000000000000000 ) ) ;
#14 = DIRECTION ( 'NONE',  ( -0.000000000000000000, -0.000000000000000000, -1.000000000000000000 ) ) ;
#15 = CARTESIAN_POINT ( 'NONE',  ( -5.119490925901214240, -38.66331967213037046, 2.700000000000000178 ) ) ;
#16 = COLOUR_RGB ( '',0.7921568627450980005, 0.8196078431372548767, 0.9333333333333333481 ) ;
#17 = EDGE_CURVE ( 'NONE', #1669, #1745, #936, .T. ) ;
#18 = AXIS2_PLACEMENT_3D ( 'NONE', #736, #866, #307 ) ;
#19 = ORIENTED_EDGE ( 'NONE', *, *, #1801, .F. ) ;
#20 = CARTESIAN_POINT ( 'NONE',  ( -34.24999999999725020, -1.063517890891748976E-12, 7.700000000000000178 ) ) ;
#21 = CARTESIAN_POINT ( 'NONE',  ( 37.49999999999894840, 1.063517890891748976E-12, 13.69999999999999929 ) ) ;
#22 = ORIENTED_EDGE ( 'NONE', *, *, #17, .T. ) ;
#23 = ORIENTED_EDGE ( 'NONE', *, *, #1774, .T. ) ;
#24 = DIRECTION ( 'NONE',  ( 0.000000000000000000, 0.000000000000000000, 1.000000000000000000 ) ) ;
#25 = CARTESIAN_POINT ( 'NONE',  ( 6.707262402719075364E-13, -37.49999999999894840, 13.69999999999999929 ) ) ;
#26 = DIRECTION ( 'NONE',  ( 0.000000000000000000, 0.000000000000000000, 1.000000000000000000 ) ) ;
#27 = ORIENTED_EDGE ( 'NONE', *, *, #1811, .F. ) ;
#28 = ORIENTED_EDGE ( 'NONE', *, *, #372, .F. ) ;
#29 = AXIS2_PLACEMENT_3D ( 'NONE', #883, #1052, #176 ) ;
#30 = FACE_OUTER_BOUND ( 'NONE', #37, .T. ) ;
#31 = ORIENTED_EDGE ( 'NONE', *, *, #38, .F. ) ;
#32 = ORIENTED_EDGE ( 'NONE', *, *, #968, .T. ) ;
#33 = DIRECTION ( 'NONE',  ( -1.000000000000000000, 0.000000000000000000, 0.000000000000000000 ) ) ;
#34 = CYLINDRICAL_SURFACE ( 'NONE', #1518, 17.00000000000000000 ) ;
#35 = DIRECTION ( 'NONE',  ( -0.000000000000000000, -0.000000000000000000, 1.000000000000000000 ) ) ;
#36 = ORIENTED_EDGE ( 'NONE', *, *, #1677, .F. ) ;
#37 = EDGE_LOOP ( 'NONE', ( #1618, #1042, #1882, #268 ) ) ;
#38 = EDGE_CURVE ( 'NONE', #424, #186, #1814, .T. ) ;
#39 = PLANE ( 'NONE',  #490 ) ;
#40 = ORIENTED_EDGE ( 'NONE', *, *, #782, .F. ) ;
#41 = ORIENTED_EDGE ( 'NONE', *, *, #367, .T. ) ;
#42 = DIRECTION ( 'NONE',  ( 1.000000000000000000, 0.000000000000000000, 0.000000000000000000 ) ) ;
#43 = LINE ( 'NONE', #781, #416 ) ;
#44 =( NAMED_UNIT ( * ) SI_UNIT ( $, .STERADIAN. ) SOLID_ANGLE_UNIT ( ) );
#45 = EDGE_CURVE ( 'NONE', #1665, #297, #1422, .T. ) ;
#46 = ORIENTED_EDGE ( 'NONE', *, *, #1169, .T. ) ;
#47 = ADVANCED_FACE ( 'NONE', ( #74 ), #658, .F. ) ;
#48 = EDGE_LOOP ( 'NONE', ( #77, #194, #497, #1533 ) ) ;
#49 = CLOSED_SHELL ( 'NONE', ( #1709, #1117, #241, #960, #822, #427, #856, #474, #7, #1584, #325, #1111, #996, #419, #703, #525, #1214, #1822, #930, #86, #696, #1438, #1058, #667, #550, #1733, #1566, #183, #243, #768, #1278, #671, #191, #1540, #126, #522, #47, #962, #998, #1147, #1099, #1408, #1782, #436, #1834, #209, #352, #1531, #180, #1119, #1587, #339, #1315, #1853, #1420, #722 ) ) ;
#50 = CIRCLE ( 'NONE', #718, 9.999999999999998224 ) ;
#51 = CIRCLE ( 'NONE', #1633, 33.50000000000000000 ) ;
#52 = CIRCLE ( 'NONE', #396, 5.249999999999982236 ) ;
#53 = DIRECTION ( 'NONE',  ( 0.000000000000000000, 0.000000000000000000, 1.000000000000000000 ) ) ;
#54 = DIRECTION ( 'NONE',  ( 0.000000000000000000, 0.000000000000000000, 1.000000000000000000 ) ) ;
#55 = CARTESIAN_POINT ( 'NONE',  ( 33.34583333333312538, 3.210202377665535955, 13.69999999999999929 ) ) ;
#56 = AXIS2_PLACEMENT_3D ( 'NONE', #918, #1499, #734 ) ;
#57 = DIRECTION ( 'NONE',  ( 0.000000000000000000, 0.000000000000000000, 1.000000000000000000 ) ) ;
#58 = VERTEX_POINT ( 'NONE', #1403 ) ;
#59 = CARTESIAN_POINT ( 'NONE',  ( 38.66331967213226051, -5.119490925902611345, 2.700000000000000178 ) ) ;
#60 = EDGE_CURVE ( 'NONE', #1191, #593, #200, .T. ) ;
#61 = VECTOR ( 'NONE', #1695, 1000.000000000000000 ) ;
#62 = MANIFOLD_SOLID_BREP ( 'Materiale-Ciambellauz_v2-1', #49 ) ;
#63 = ORIENTED_EDGE ( 'NONE', *, *, #156, .F. ) ;
#64 = VECTOR ( 'NONE', #1759, 1000.000000000000000 ) ;
#65 = DIRECTION ( 'NONE',  ( 1.000000000000000000, 0.000000000000000000, 0.000000000000000000 ) ) ;
#66 = EDGE_LOOP ( 'NONE', ( #1494, #223, #193, #1011 ) ) ;
#67 = CARTESIAN_POINT ( 'NONE',  ( 6.707262402719075364E-13, -37.49999999999894840, 13.69999999999999929 ) ) ;
#68 = VECTOR ( 'NONE', #1586, 1000.000000000000000 ) ;
#69 = DIRECTION ( 'NONE',  ( 0.000000000000000000, 0.000000000000000000, 1.000000000000000000 ) ) ;
#70 = VERTEX_POINT ( 'NONE', #1417 ) ;
#71 = DIRECTION ( 'NONE',  ( -1.000000000000000000, 0.000000000000000000, 0.000000000000000000 ) ) ;
#72 = CARTESIAN_POINT ( 'NONE',  ( -37.49999999999894840, -1.063517890891748976E-12, 13.69999999999999929 ) ) ;
#73 = ORIENTED_EDGE ( 'NONE', *, *, #1883, .T. ) ;
#74 = FACE_OUTER_BOUND ( 'NONE', #1262, .T. ) ;
#75 = DIRECTION ( 'NONE',  ( -0.000000000000000000, -0.000000000000000000, -1.000000000000000000 ) ) ;
#76 = PLANE ( 'NONE',  #1877 ) ;
#77 = ORIENTED_EDGE ( 'NONE', *, *, #271, .F. ) ;
#78 = DIRECTION ( 'NONE',  ( -1.000000000000000000, 0.000000000000000000, 0.000000000000000000 ) ) ;
#79 = LINE ( 'NONE', #617, #1366 ) ;
#80 = VERTEX_POINT ( 'NONE', #1412 ) ;
#81 = EDGE_CURVE ( 'NONE', #1693, #1509, #816, .T. ) ;
#82 = VECTOR ( 'NONE', #1007, 1000.000000000000000 ) ;
#83 = DIRECTION ( 'NONE',  ( 1.047444401652940164E-14, 1.000000000000000000, 0.000000000000000000 ) ) ;
#84 = CARTESIAN_POINT ( 'NONE',  ( -37.49999999999894840, -1.063517890891748976E-12, 2.700000000000000178 ) ) ;
#85 = CIRCLE ( 'NONE', #872, 32.50000000000000000 ) ;
#86 = ADVANCED_FACE ( 'NONE', ( #101 ), #1708, .F. ) ;
#87 = CIRCLE ( 'NONE', #1362, 5.249999999999976907 ) ;
#88 = ORIENTED_EDGE ( 'NONE', *, *, #1149, .T. ) ;
#89 = CARTESIAN_POINT ( 'NONE',  ( 0.000000000000000000, 0.000000000000000000, -86.89355146836109611 ) ) ;
#90 = AXIS2_PLACEMENT_3D ( 'NONE', #1045, #323, #575 ) ;
#91 = DIRECTION ( 'NONE',  ( 0.000000000000000000, 0.000000000000000000, 1.000000000000000000 ) ) ;
#92 = VERTEX_POINT ( 'NONE', #971 ) ;
#93 = EDGE_CURVE ( 'NONE', #1211, #1758, #1874, .T. ) ;
#94 = CARTESIAN_POINT ( 'NONE',  ( 5.119490925905862966, 38.66331967213115206, 2.700000000000000178 ) ) ;
#95 = CARTESIAN_POINT ( 'NONE',  ( -40.87916666666739474, 14.87090221334367079, 2.700000000000000178 ) ) ;
#96 = AXIS2_PLACEMENT_3D ( 'NONE', #192, #1512, #204 ) ;
#97 = ORIENTED_EDGE ( 'NONE', *, *, #1433, .T. ) ;
#98 = CYLINDRICAL_SURFACE ( 'NONE', #1359, 5.249999999999991118 ) ;
#99 = AXIS2_PLACEMENT_3D ( 'NONE', #1703, #543, #252 ) ;
#100 = DIRECTION ( 'NONE',  ( 0.000000000000000000, 0.000000000000000000, 1.000000000000000000 ) ) ;
#101 = FACE_OUTER_BOUND ( 'NONE', #1785, .T. ) ;
#102 = DIRECTION ( 'NONE',  ( -0.000000000000000000, -0.000000000000000000, 1.000000000000000000 ) ) ;
#103 = LINE ( 'NONE', #694, #61 ) ;
#104 = EDGE_CURVE ( 'NONE', #1495, #349, #232, .T. ) ;
#105 = CARTESIAN_POINT ( 'NONE',  ( -37.49999999999894840, -1.063517890891748976E-12, -86.89355146836109611 ) ) ;
#106 = EDGE_CURVE ( 'NONE', #1483, #945, #989, .T. ) ;
#107 = CARTESIAN_POINT ( 'NONE',  ( -11.45230400337707444, -31.48165708812408781, 2.700000000000000178 ) ) ;
#108 = DIRECTION ( 'NONE',  ( 0.000000000000000000, 0.000000000000000000, 1.000000000000000000 ) ) ;
#109 = CARTESIAN_POINT ( 'NONE',  ( 0.000000000000000000, 0.000000000000000000, 13.70000000000000462 ) ) ;
#110 = VECTOR ( 'NONE', #1322, 1000.000000000000000 ) ;
#111 = DIRECTION ( 'NONE',  ( -1.000000000000000000, 0.000000000000000000, 0.000000000000000000 ) ) ;
#112 = CIRCLE ( 'NONE', #1829, 5.249999999999997335 ) ;
#113 = DIRECTION ( 'NONE',  ( 1.000000000000000000, 0.000000000000000000, 0.000000000000000000 ) ) ;
#114 = CARTESIAN_POINT ( 'NONE',  ( 37.50000000000106581, 3.250686727208986112E-12, 2.700000000000000178 ) ) ;
#115 = ORIENTED_EDGE ( 'NONE', *, *, #1261, .F. ) ;
#116 = DIRECTION ( 'NONE',  ( -0.000000000000000000, -0.000000000000000000, -1.000000000000000000 ) ) ;
#117 = AXIS2_PLACEMENT_3D ( 'NONE', #594, #584, #1178 ) ;
#118 = EDGE_CURVE ( 'NONE', #1495, #1163, #1326, .T. ) ;
#119 = EDGE_CURVE ( 'NONE', #1827, #1479, #830, .T. ) ;
#120 = CARTESIAN_POINT ( 'NONE',  ( 40.87916666666528442, 14.87090221334945817, 2.700000000000000178 ) ) ;
#121 = DIRECTION ( 'NONE',  ( -1.000000000000000000, 0.000000000000000000, 0.000000000000000000 ) ) ;
#122 = CARTESIAN_POINT ( 'NONE',  ( -38.66331967212926202, 5.119490925904487177, 2.700000000000000178 ) ) ;
#123 = EDGE_LOOP ( 'NONE', ( #1624, #1010, #747, #31 ) ) ;
#124 = DIRECTION ( 'NONE',  ( 1.000000000000000000, 0.000000000000000000, 0.000000000000000000 ) ) ;
#125 = CARTESIAN_POINT ( 'NONE',  ( 31.48165708812353358, -11.45230400337860566, 7.700000000000000178 ) ) ;
#126 = ADVANCED_FACE ( 'NONE', ( #1425 ), #1562, .F. ) ;
#127 = CARTESIAN_POINT ( 'NONE',  ( -33.34583333333331723, 3.210202377663638362, 10.70000000000000107 ) ) ;
#128 = PLANE ( 'NONE',  #636 ) ;
#129 = EDGE_LOOP ( 'NONE', ( #1791, #649, #707, #219 ) ) ;
#130 = VERTEX_POINT ( 'NONE', #1839 ) ;
#131 = DIRECTION ( 'NONE',  ( -1.000000000000000000, 0.000000000000000000, 0.000000000000000000 ) ) ;
#132 = CIRCLE ( 'NONE', #1272, 3.250000000002276845 ) ;
#133 = CIRCLE ( 'NONE', #392, 9.999999999999994671 ) ;
#134 = AXIS2_PLACEMENT_3D ( 'NONE', #863, #1310, #256 ) ;
#135 = AXIS2_PLACEMENT_3D ( 'NONE', #1222, #804, #1816 ) ;
#136 = ORIENTED_EDGE ( 'NONE', *, *, #222, .T. ) ;
#137 = DIRECTION ( 'NONE',  ( -0.000000000000000000, -0.000000000000000000, 1.000000000000000000 ) ) ;
#138 = CIRCLE ( 'NONE', #481, 33.50000000000000000 ) ;
#139 = DIRECTION ( 'NONE',  ( -1.000000000000000000, 0.000000000000000000, 0.000000000000000000 ) ) ;
#140 = DIRECTION ( 'NONE',  ( 0.000000000000000000, 0.000000000000000000, 1.000000000000000000 ) ) ;
#141 = ORIENTED_EDGE ( 'NONE', *, *, #1132, .T. ) ;
#142 = ORIENTED_EDGE ( 'NONE', *, *, #619, .T. ) ;
#143 = CARTESIAN_POINT ( 'NONE',  ( -3.486021191848244438, 32.31249999999977263, 13.69999999999999929 ) ) ;
#144 = PLANE ( 'NONE',  #721 ) ;
#145 = CIRCLE ( 'NONE', #1225, 9.999999999999998224 ) ;
#146 = ORIENTED_EDGE ( 'NONE', *, *, #500, .T. ) ;
#147 = ORIENTED_EDGE ( 'NONE', *, *, #273, .T. ) ;
#148 = FACE_OUTER_BOUND ( 'NONE', #1237, .T. ) ;
#149 = FACE_BOUND ( 'NONE', #1300, .T. ) ;
#150 = ORIENTED_EDGE ( 'NONE', *, *, #541, .F. ) ;
#151 = ORIENTED_EDGE ( 'NONE', *, *, #782, .T. ) ;
#152 = CARTESIAN_POINT ( 'NONE',  ( 32.31249999999995737, -3.486021191846532030, 13.70000000000000462 ) ) ;
#153 = CARTESIAN_POINT ( 'NONE',  ( -40.87916666666739474, 14.87090221334367079, 2.700000000000000178 ) ) ;
#154 = DIRECTION ( 'NONE',  ( -1.000000000000000000, 0.000000000000000000, 0.000000000000000000 ) ) ;
#155 = EDGE_CURVE ( 'NONE', #646, #316, #1515, .T. ) ;
#156 = EDGE_CURVE ( 'NONE', #1753, #739, #963, .T. ) ;
#157 = ORIENTED_EDGE ( 'NONE', *, *, #1173, .F. ) ;
#158 = ORIENTED_EDGE ( 'NONE', *, *, #713, .T. ) ;
#159 = DIRECTION ( 'NONE',  ( -0.000000000000000000, -0.000000000000000000, -1.000000000000000000 ) ) ;
#160 = CARTESIAN_POINT ( 'NONE',  ( 34.25000000000024158, 1.059323475604669392E-12, 7.700000000000000178 ) ) ;
#161 = ORIENTED_EDGE ( 'NONE', *, *, #156, .T. ) ;
#162 = VERTEX_POINT ( 'NONE', #107 ) ;
#163 = LINE ( 'NONE', #1625, #766 ) ;
#164 = LINE ( 'NONE', #336, #1721 ) ;
#165 = CARTESIAN_POINT ( 'NONE',  ( 33.34583333333331723, -3.210202377663638362, 7.700000000000000178 ) ) ;
#166 = ORIENTED_EDGE ( 'NONE', *, *, #1173, .T. ) ;
#167 = UNCERTAINTY_MEASURE_WITH_UNIT (LENGTH_MEASURE( 1.000000000000000082E-05 ), #1087, 'distance_accuracy_value', 'NONE');
#168 = EDGE_CURVE ( 'NONE', #1003, #1800, #414, .T. ) ;
#169 = AXIS2_PLACEMENT_3D ( 'NONE', #382, #399, #1128 ) ;
#170 = VECTOR ( 'NONE', #564, 1000.000000000000000 ) ;
#171 = ORIENTED_EDGE ( 'NONE', *, *, #1843, .F. ) ;
#172 = AXIS2_PLACEMENT_3D ( 'NONE', #178, #1025, #1771 ) ;
#173 = DIRECTION ( 'NONE',  ( 0.000000000000000000, 0.000000000000000000, 1.000000000000000000 ) ) ;
#174 = ORIENTED_EDGE ( 'NONE', *, *, #464, .F. ) ;
#175 = ORIENTED_EDGE ( 'NONE', *, *, #1491, .F. ) ;
#176 = DIRECTION ( 'NONE',  ( -1.000000000000000000, 0.000000000000000000, 0.000000000000000000 ) ) ;
#177 = DIRECTION ( 'NONE',  ( -0.000000000000000000, -0.000000000000000000, 1.000000000000000000 ) ) ;
#178 = CARTESIAN_POINT ( 'NONE',  ( 0.000000000000000000, 0.000000000000000000, 7.700000000000000178 ) ) ;
#179 = VERTEX_POINT ( 'NONE', #125 ) ;
#180 = ADVANCED_FACE ( 'NONE', ( #1723 ), #857, .T. ) ;
#181 = ORIENTED_EDGE ( 'NONE', *, *, #840, .F. ) ;
#182 = AXIS2_PLACEMENT_3D ( 'NONE', #1779, #24, #451 ) ;
#183 = ADVANCED_FACE ( 'NONE', ( #1432 ), #1867, .F. ) ;
#184 = FACE_BOUND ( 'NONE', #210, .T. ) ;
#185 = ORIENTED_EDGE ( 'NONE', *, *, #1502, .F. ) ;
#186 = VERTEX_POINT ( 'NONE', #704 ) ;
#187 = CARTESIAN_POINT ( 'NONE',  ( 0.000000000000000000, 0.000000000000000000, 4.500000000000000000 ) ) ;
#188 = FACE_OUTER_BOUND ( 'NONE', #1037, .T. ) ;
#189 = ORIENTED_EDGE ( 'NONE', *, *, #295, .T. ) ;
#190 = ORIENTED_EDGE ( 'NONE', *, *, #968, .F. ) ;
#191 = ADVANCED_FACE ( 'NONE', ( #1293 ), #280, .F. ) ;
#192 = CARTESIAN_POINT ( 'NONE',  ( -7.435451106672820387, 20.43958333333333854, 2.700000000000000178 ) ) ;
#193 = ORIENTED_EDGE ( 'NONE', *, *, #776, .F. ) ;
#194 = ORIENTED_EDGE ( 'NONE', *, *, #1074, .F. ) ;
#195 = CARTESIAN_POINT ( 'NONE',  ( 0.000000000000000000, 0.000000000000000000, 5.500000000000000000 ) ) ;
#196 = CARTESIAN_POINT ( 'NONE',  ( 3.250000000004394263, -37.50000000000000711, 2.700000000000000178 ) ) ;
#197 = ORIENTED_EDGE ( 'NONE', *, *, #1401, .F. ) ;
#198 = DIRECTION ( 'NONE',  ( -0.000000000000000000, -0.000000000000000000, 1.000000000000000000 ) ) ;
#199 = EDGE_LOOP ( 'NONE', ( #592, #604 ) ) ;
#200 = CIRCLE ( 'NONE', #629, 3.250000000000828670 ) ;
#201 = AXIS2_PLACEMENT_3D ( 'NONE', #452, #1166, #616 ) ;
#202 = AXIS2_PLACEMENT_3D ( 'NONE', #951, #1385, #78 ) ;
#203 = CIRCLE ( 'NONE', #90, 3.250000000000828670 ) ;
#204 = DIRECTION ( 'NONE',  ( -1.000000000000000000, 0.000000000000000000, 0.000000000000000000 ) ) ;
#205 = EDGE_LOOP ( 'NONE', ( #1019, #1088, #142, #8 ) ) ;
#206 = CARTESIAN_POINT ( 'NONE',  ( 0.000000000000000000, 0.000000000000000000, 0.000000000000000000 ) ) ;
#207 = APPLICATION_CONTEXT ( 'automotive_design' ) ;
#208 = CARTESIAN_POINT ( 'NONE',  ( 0.000000000000000000, 0.000000000000000000, -86.89355146836109611 ) ) ;
#209 = ADVANCED_FACE ( 'NONE', ( #567 ), #1878, .F. ) ;
#210 = EDGE_LOOP ( 'NONE', ( #115, #344 ) ) ;
#211 = LINE ( 'NONE', #238, #717 ) ;
#212 = CARTESIAN_POINT ( 'NONE',  ( 37.49999999999894840, 1.063517890891748976E-12, 13.69999999999999929 ) ) ;
#213 = ORIENTED_EDGE ( 'NONE', *, *, #897, .T. ) ;
#214 = AXIS2_PLACEMENT_3D ( 'NONE', #187, #780, #33 ) ;
#215 = VERTEX_POINT ( 'NONE', #849 ) ;
#216 = DIRECTION ( 'NONE',  ( -0.000000000000000000, -0.000000000000000000, -1.000000000000000000 ) ) ;
#217 = AXIS2_PLACEMENT_3D ( 'NONE', #1112, #1692, #1526 ) ;
#218 = DIRECTION ( 'NONE',  ( 1.000000000000000000, 0.000000000000000000, 0.000000000000000000 ) ) ;
#219 = ORIENTED_EDGE ( 'NONE', *, *, #865, .F. ) ;
#220 = DIRECTION ( 'NONE',  ( -0.000000000000000000, -0.000000000000000000, 1.000000000000000000 ) ) ;
#221 = CARTESIAN_POINT ( 'NONE',  ( 0.000000000000000000, 0.000000000000000000, 13.69999999999999929 ) ) ;
#222 = EDGE_CURVE ( 'NONE', #1334, #715, #1889, .T. ) ;
#223 = ORIENTED_EDGE ( 'NONE', *, *, #541, .T. ) ;
#224 = EDGE_CURVE ( 'NONE', #1211, #553, #1150, .T. ) ;
#225 = EDGE_LOOP ( 'NONE', ( #1355, #789, #1738, #806 ) ) ;
#226 = DIRECTION ( 'NONE',  ( 0.000000000000000000, 0.000000000000000000, 1.000000000000000000 ) ) ;
#227 = ORIENTED_EDGE ( 'NONE', *, *, #743, .F. ) ;
#228 = CARTESIAN_POINT ( 'NONE',  ( 0.000000000000000000, 0.000000000000000000, 5.500000000000005329 ) ) ;
#229 = DIRECTION ( 'NONE',  ( 1.000000000000000000, 0.000000000000000000, 0.000000000000000000 ) ) ;
#230 = EDGE_CURVE ( 'NONE', #613, #1353, #1138, .T. ) ;
#231 = EDGE_LOOP ( 'NONE', ( #40, #886, #1443, #515 ) ) ;
#232 = CIRCLE ( 'NONE', #475, 5.249999999999997335 ) ;
#233 = DIRECTION ( 'NONE',  ( 1.000000000000000000, 0.000000000000000000, 0.000000000000000000 ) ) ;
#234 = DIRECTION ( 'NONE',  ( 1.000000000000000000, 0.000000000000000000, 0.000000000000000000 ) ) ;
#235 = AXIS2_PLACEMENT_3D ( 'NONE', #1419, #1268, #682 ) ;
#236 = CIRCLE ( 'NONE', #1294, 6.250000000000003553 ) ;
#237 = EDGE_LOOP ( 'NONE', ( #413, #1258 ) ) ;
#238 = CARTESIAN_POINT ( 'NONE',  ( -38.66331967212926202, 5.119490925904487177, 2.700000000000000178 ) ) ;
#239 = CARTESIAN_POINT ( 'NONE',  ( 0.000000000000000000, 0.000000000000000000, 4.500000000000000000 ) ) ;
#240 = AXIS2_PLACEMENT_3D ( 'NONE', #1338, #737, #1318 ) ;
#241 = ADVANCED_FACE ( 'NONE', ( #1235 ), #524, .F. ) ;
#242 = CARTESIAN_POINT ( 'NONE',  ( 2.117850930789892740E-12, -37.50000000000000711, 2.700000000000000178 ) ) ;
#243 = ADVANCED_FACE ( 'NONE', ( #350 ), #98, .T. ) ;
#244 = DIRECTION ( 'NONE',  ( 1.000000000000000000, 0.000000000000000000, 0.000000000000000000 ) ) ;
#245 = AXIS2_PLACEMENT_3D ( 'NONE', #21, #602, #1040 ) ;
#246 = ORIENTED_EDGE ( 'NONE', *, *, #273, .F. ) ;
#247 = DIRECTION ( 'NONE',  ( 1.000000000000000000, 0.000000000000000000, 0.000000000000000000 ) ) ;
#248 = AXIS2_PLACEMENT_3D ( 'NONE', #206, #1405, #1806 ) ;
#249 = PRODUCT_RELATED_PRODUCT_CATEGORY ( 'part', '', ( #1802 ) ) ;
#250 = DIRECTION ( 'NONE',  ( -1.000000000000000000, -1.110223024625155949E-15, 0.000000000000000000 ) ) ;
#251 = CARTESIAN_POINT ( 'NONE',  ( -5.119490925901214240, -38.66331967213037046, 2.700000000000000178 ) ) ;
#252 = DIRECTION ( 'NONE',  ( 1.000000000000000000, 0.000000000000000000, 0.000000000000000000 ) ) ;
#253 = EDGE_CURVE ( 'NONE', #316, #1442, #488, .T. ) ;
#254 = DIRECTION ( 'NONE',  ( 0.000000000000000000, 0.000000000000000000, 1.000000000000000000 ) ) ;
#255 = ADVANCED_BREP_SHAPE_REPRESENTATION ( 'ciambellauz_v2', ( #62, #688 ), #1395 ) ;
#256 = DIRECTION ( 'NONE',  ( 1.000000000000000000, 0.000000000000000000, 0.000000000000000000 ) ) ;
#257 = DIRECTION ( 'NONE',  ( 0.000000000000000000, 0.000000000000000000, 1.000000000000000000 ) ) ;
#258 = FACE_OUTER_BOUND ( 'NONE', #1505, .T. ) ;
#259 = DIRECTION ( 'NONE',  ( 1.000000000000000000, 0.000000000000000000, 0.000000000000000000 ) ) ;
#260 = ORIENTED_EDGE ( 'NONE', *, *, #261, .T. ) ;
#261 = EDGE_CURVE ( 'NONE', #70, #1471, #533, .T. ) ;
#262 = AXIS2_PLACEMENT_3D ( 'NONE', #1352, #442, #1035 ) ;
#263 = DIRECTION ( 'NONE',  ( 0.000000000000000000, 0.000000000000000000, 1.000000000000000000 ) ) ;
#264 = VECTOR ( 'NONE', #1522, 1000.000000000000000 ) ;
#265 = DIRECTION ( 'NONE',  ( 1.000000000000000000, 0.000000000000000000, 0.000000000000000000 ) ) ;
#266 = DIRECTION ( 'NONE',  ( 1.000000000000000000, 0.000000000000000000, -0.000000000000000000 ) ) ;
#267 = PLANE ( 'NONE',  #536 ) ;
#268 = ORIENTED_EDGE ( 'NONE', *, *, #1741, .T. ) ;
#269 = LINE ( 'NONE', #1437, #1445 ) ;
#270 = VECTOR ( 'NONE', #1260, 1000.000000000000000 ) ;
#271 = EDGE_CURVE ( 'NONE', #368, #1509, #1101, .T. ) ;
#272 = DIRECTION ( 'NONE',  ( -0.000000000000000000, -0.000000000000000000, 1.000000000000000000 ) ) ;
#273 = EDGE_CURVE ( 'NONE', #1484, #1145, #51, .T. ) ;
#274 = FACE_BOUND ( 'NONE', #899, .T. ) ;
#275 = DIRECTION ( 'NONE',  ( -0.000000000000000000, 0.000000000000000000, 1.000000000000000000 ) ) ;
#276 = EDGE_LOOP ( 'NONE', ( #1683, #1628, #27, #1726 ) ) ;
#277 = ORIENTED_EDGE ( 'NONE', *, *, #1681, .F. ) ;
#278 = CARTESIAN_POINT ( 'NONE',  ( 33.50000000000000000, 4.102566777143632985E-15, 2.700000000000000178 ) ) ;
#279 = EDGE_CURVE ( 'NONE', #381, #701, #211, .T. ) ;
#280 = CYLINDRICAL_SURFACE ( 'NONE', #1786, 10.00000000000000178 ) ;
#281 = CARTESIAN_POINT ( 'NONE',  ( 0.000000000000000000, 0.000000000000000000, 4.500000000000000000 ) ) ;
#282 = LINE ( 'NONE', #1328, #1854 ) ;
#283 = ORIENTED_EDGE ( 'NONE', *, *, #1347, .F. ) ;
#284 = ORIENTED_EDGE ( 'NONE', *, *, #1630, .F. ) ;
#285 = DIRECTION ( 'NONE',  ( -0.000000000000000000, 0.000000000000000000, 1.000000000000000000 ) ) ;
#286 = CARTESIAN_POINT ( 'NONE',  ( -37.49999999999894840, -1.063517890891748976E-12, 13.69999999999999929 ) ) ;
#287 = AXIS2_PLACEMENT_3D ( 'NONE', #1819, #506, #663 ) ;
#288 = VECTOR ( 'NONE', #1005, 1000.000000000000000 ) ;
#289 = AXIS2_PLACEMENT_3D ( 'NONE', #1796, #1244, #1365 ) ;
#290 = CIRCLE ( 'NONE', #1793, 17.00000000000000000 ) ;
#291 = AXIS2_PLACEMENT_3D ( 'NONE', #875, #1233, #1252 ) ;
#292 = ORIENTED_EDGE ( 'NONE', *, *, #921, .F. ) ;
#293 = ORIENTED_EDGE ( 'NONE', *, *, #1264, .T. ) ;
#294 = DIRECTION ( 'NONE',  ( 0.000000000000000000, 0.000000000000000000, 1.000000000000000000 ) ) ;
#295 = EDGE_CURVE ( 'NONE', #613, #1665, #631, .T. ) ;
#296 = LINE ( 'NONE', #612, #1609 ) ;
#297 = VERTEX_POINT ( 'NONE', #1670 ) ;
#298 = VERTEX_POINT ( 'NONE', #797 ) ;
#299 = DIRECTION ( 'NONE',  ( 0.000000000000000000, 0.000000000000000000, 1.000000000000000000 ) ) ;
#300 = DIRECTION ( 'NONE',  ( 1.000000000000000000, 0.000000000000000000, 0.000000000000000000 ) ) ;
#301 = FACE_BOUND ( 'NONE', #1534, .T. ) ;
#302 = APPLICATION_CONTEXT ( 'automotive_design' ) ;
#303 = EDGE_CURVE ( 'NONE', #58, #593, #643, .T. ) ;
#304 = VECTOR ( 'NONE', #777, 1000.000000000000000 ) ;
#305 = AXIS2_PLACEMENT_3D ( 'NONE', #650, #1815, #955 ) ;
#306 = VERTEX_POINT ( 'NONE', #932 ) ;
#307 = DIRECTION ( 'NONE',  ( 1.000000000000000000, 0.000000000000000000, 0.000000000000000000 ) ) ;
#308 = DIRECTION ( 'NONE',  ( -1.000000000000000000, 0.000000000000000000, 0.000000000000000000 ) ) ;
#309 = ORIENTED_EDGE ( 'NONE', *, *, #1517, .T. ) ;
#310 = ORIENTED_EDGE ( 'NONE', *, *, #644, .F. ) ;
#311 = DIRECTION ( 'NONE',  ( 0.000000000000000000, 0.000000000000000000, 1.000000000000000000 ) ) ;
#312 = LINE ( 'NONE', #595, #1059 ) ;
#313 = CARTESIAN_POINT ( 'NONE',  ( 11.45230400338433263, -31.48165708812145169, 2.700000000000000178 ) ) ;
#314 = EDGE_CURVE ( 'NONE', #1050, #1644, #85, .T. ) ;
#315 = ORIENTED_EDGE ( 'NONE', *, *, #1286, .F. ) ;
#316 = VERTEX_POINT ( 'NONE', #1828 ) ;
#317 = ORIENTED_EDGE ( 'NONE', *, *, #1517, .F. ) ;
#318 = DIRECTION ( 'NONE',  ( 1.000000000000000000, 0.000000000000000000, 0.000000000000000000 ) ) ;
#319 = ORIENTED_EDGE ( 'NONE', *, *, #367, .F. ) ;
#320 = ORIENTED_EDGE ( 'NONE', *, *, #1713, .T. ) ;
#321 = LINE ( 'NONE', #927, #1431 ) ;
#322 = DIRECTION ( 'NONE',  ( 1.000000000000000000, 0.000000000000000000, 0.000000000000000000 ) ) ;
#323 = DIRECTION ( 'NONE',  ( 0.000000000000000000, 0.000000000000000000, 1.000000000000000000 ) ) ;
#324 = EDGE_LOOP ( 'NONE', ( #518, #1202 ) ) ;
#325 = ADVANCED_FACE ( 'NONE', ( #807 ), #1213, .T. ) ;
#326 = EDGE_CURVE ( 'NONE', #1657, #358, #562, .T. ) ;
#327 = VECTOR ( 'NONE', #369, 1000.000000000000000 ) ;
#328 = AXIS2_PLACEMENT_3D ( 'NONE', #153, #1780, #1507 ) ;
#329 = EDGE_LOOP ( 'NONE', ( #1589, #912, #1454, #774 ) ) ;
#330 = CIRCLE ( 'NONE', #393, 33.50000000000000000 ) ;
#331 = EDGE_CURVE ( 'NONE', #1608, #466, #476, .T. ) ;
#332 = CARTESIAN_POINT ( 'NONE',  ( 31.48165708812154051, 11.45230400338406795, 2.700000000000000178 ) ) ;
#333 = EDGE_LOOP ( 'NONE', ( #925, #1182, #973, #1094, #744, #1821, #487, #32 ) ) ;
#334 = ORIENTED_EDGE ( 'NONE', *, *, #898, .F. ) ;
#335 = DIRECTION ( 'NONE',  ( 1.000000000000000000, 0.000000000000000000, 0.000000000000000000 ) ) ;
#336 = CARTESIAN_POINT ( 'NONE',  ( 3.210202377665178464, -33.34583333333317512, 10.70000000000000107 ) ) ;
#337 = DIRECTION ( 'NONE',  ( 1.000000000000000000, 0.000000000000000000, -0.000000000000000000 ) ) ;
#338 = VERTEX_POINT ( 'NONE', #498 ) ;
#339 = ADVANCED_FACE ( 'NONE', ( #1082 ), #674, .F. ) ;
#340 = AXIS2_PLACEMENT_3D ( 'NONE', #749, #1496, #903 ) ;
#341 = ORIENTED_EDGE ( 'NONE', *, *, #1765, .F. ) ;
#342 = AXIS2_PLACEMENT_3D ( 'NONE', #411, #102, #400 ) ;
#343 = LINE ( 'NONE', #924, #64 ) ;
#344 = ORIENTED_EDGE ( 'NONE', *, *, #1557, .F. ) ;
#345 = ORIENTED_EDGE ( 'NONE', *, *, #1557, .T. ) ;
#346 = CARTESIAN_POINT ( 'NONE',  ( 0.000000000000000000, 0.000000000000000000, 13.70000000000000462 ) ) ;
#347 = CARTESIAN_POINT ( 'NONE',  ( -33.34583333333313249, -3.210202377665519968, 7.700000000000000178 ) ) ;
#348 = DIRECTION ( 'NONE',  ( 0.000000000000000000, 0.000000000000000000, -1.000000000000000000 ) ) ;
#349 = VERTEX_POINT ( 'NONE', #379 ) ;
#350 = FACE_OUTER_BOUND ( 'NONE', #1772, .T. ) ;
#351 = ORIENTED_EDGE ( 'NONE', *, *, #985, .F. ) ;
#352 = ADVANCED_FACE ( 'NONE', ( #940 ), #958, .T. ) ;
#353 = FACE_OUTER_BOUND ( 'NONE', #394, .T. ) ;
#354 = ORIENTED_EDGE ( 'NONE', *, *, #859, .T. ) ;
#355 = DIRECTION ( 'NONE',  ( 0.000000000000000000, 0.000000000000000000, 1.000000000000000000 ) ) ;
#356 = DIRECTION ( 'NONE',  ( -0.000000000000000000, 0.000000000000000000, -1.000000000000000000 ) ) ;
#357 = CARTESIAN_POINT ( 'NONE',  ( 37.49999999999894840, 1.063517890891748976E-12, 13.69999999999999929 ) ) ;
#358 = VERTEX_POINT ( 'NONE', #654 ) ;
#359 = DIRECTION ( 'NONE',  ( 1.000000000000000000, 0.000000000000000000, 0.000000000000000000 ) ) ;
#360 = DIRECTION ( 'NONE',  ( 1.000000000000000000, 0.000000000000000000, 0.000000000000000000 ) ) ;
#361 = ORIENTED_EDGE ( 'NONE', *, *, #155, .F. ) ;
#362 = AXIS2_PLACEMENT_3D ( 'NONE', #773, #1794, #1024 ) ;
#363 = AXIS2_PLACEMENT_3D ( 'NONE', #208, #1808, #218 ) ;
#364 = DIRECTION ( 'NONE',  ( -0.000000000000000000, -0.000000000000000000, 1.000000000000000000 ) ) ;
#365 = CARTESIAN_POINT ( 'NONE',  ( -3.486021191848244438, 32.31249999999977263, -86.89355146836109611 ) ) ;
#366 = FACE_OUTER_BOUND ( 'NONE', #870, .T. ) ;
#367 = EDGE_CURVE ( 'NONE', #440, #1349, #133, .T. ) ;
#368 = VERTEX_POINT ( 'NONE', #1579 ) ;
#369 = DIRECTION ( 'NONE',  ( 0.000000000000000000, 0.000000000000000000, 1.000000000000000000 ) ) ;
#370 = DIRECTION ( 'NONE',  ( -0.000000000000000000, -0.000000000000000000, 1.000000000000000000 ) ) ;
#371 = VERTEX_POINT ( 'NONE', #1144 ) ;
#372 = EDGE_CURVE ( 'NONE', #871, #1353, #1121, .T. ) ;
#373 = AXIS2_PLACEMENT_3D ( 'NONE', #485, #527, #244 ) ;
#374 = ORIENTED_EDGE ( 'NONE', *, *, #1074, .T. ) ;
#375 = FACE_OUTER_BOUND ( 'NONE', #48, .T. ) ;
#376 = CARTESIAN_POINT ( 'NONE',  ( -7.435451106672820387, 20.43958333333333854, 2.700000000000000178 ) ) ;
#377 = APPLICATION_PROTOCOL_DEFINITION ( 'draft international standard', 'automotive_design', 1998, #302 ) ;
#378 = VERTEX_POINT ( 'NONE', #559 ) ;
#379 = CARTESIAN_POINT ( 'NONE',  ( -3.210202377663986084, -33.34583333333328170, 7.700000000000000178 ) ) ;
#380 = CARTESIAN_POINT ( 'NONE',  ( 3.486021191846634171, 32.31249999999993605, 5.500000000000005329 ) ) ;
#381 = VERTEX_POINT ( 'NONE', #122 ) ;
#382 = CARTESIAN_POINT ( 'NONE',  ( 0.000000000000000000, 37.50000000000000711, 7.700000000000000178 ) ) ;
#383 = CARTESIAN_POINT ( 'NONE',  ( -3.250000000000158984, -37.50000000000000711, 2.700000000000000178 ) ) ;
#384 = EDGE_LOOP ( 'NONE', ( #1196, #1380 ) ) ;
#385 = CARTESIAN_POINT ( 'NONE',  ( 0.000000000000000000, 0.000000000000000000, 2.700000000000000178 ) ) ;
#386 = CARTESIAN_POINT ( 'NONE',  ( 3.250000000000000888, 37.50000000000000711, 7.700000000000000178 ) ) ;
#387 = EDGE_CURVE ( 'NONE', #1041, #802, #908, .T. ) ;
#388 = EDGE_CURVE ( 'NONE', #58, #939, #1446, .T. ) ;
#389 =( NAMED_UNIT ( * ) SI_UNIT ( $, .STERADIAN. ) SOLID_ANGLE_UNIT ( ) );
#390 = CIRCLE ( 'NONE', #534, 33.50000000000000000 ) ;
#391 = CARTESIAN_POINT ( 'NONE',  ( -37.49999999999674571, -1.062588679071104954E-12, 2.700000000000000178 ) ) ;
#392 = AXIS2_PLACEMENT_3D ( 'NONE', #1836, #1108, #1135 ) ;
#393 = AXIS2_PLACEMENT_3D ( 'NONE', #1086, #69, #1527 ) ;
#394 = EDGE_LOOP ( 'NONE', ( #1176, #6, #1768, #3 ) ) ;
#395 = DIRECTION ( 'NONE',  ( 1.000000000000000000, 0.000000000000000000, -0.000000000000000000 ) ) ;
#396 = AXIS2_PLACEMENT_3D ( 'NONE', #687, #91, #959 ) ;
#397 = DIRECTION ( 'NONE',  ( -0.000000000000000000, -0.000000000000000000, 1.000000000000000000 ) ) ;
#398 = EDGE_CURVE ( 'NONE', #1484, #739, #1699, .T. ) ;
#399 = DIRECTION ( 'NONE',  ( 0.000000000000000000, 0.000000000000000000, 1.000000000000000000 ) ) ;
#400 = DIRECTION ( 'NONE',  ( -1.000000000000000000, 0.000000000000000000, 0.000000000000000000 ) ) ;
#401 = CIRCLE ( 'NONE', #117, 9.999999999999998224 ) ;
#402 = CARTESIAN_POINT ( 'NONE',  ( 0.000000000000000000, 0.000000000000000000, 2.700000000000000178 ) ) ;
#403 = VECTOR ( 'NONE', #858, 1000.000000000000000 ) ;
#404 = DIRECTION ( 'NONE',  ( 0.000000000000000000, 0.000000000000000000, 1.000000000000000000 ) ) ;
#405 = DIRECTION ( 'NONE',  ( -1.000000000000000000, 0.000000000000000000, 0.000000000000000000 ) ) ;
#406 = DIRECTION ( 'NONE',  ( 0.000000000000000000, 0.000000000000000000, 1.000000000000000000 ) ) ;
#407 = DIRECTION ( 'NONE',  ( 1.000000000000000000, 0.000000000000000000, 0.000000000000000000 ) ) ;
#408 = VERTEX_POINT ( 'NONE', #1564 ) ;
#409 = LINE ( 'NONE', #548, #1092 ) ;
#410 = DIRECTION ( 'NONE',  ( 0.000000000000000000, 0.000000000000000000, 1.000000000000000000 ) ) ;
#411 = CARTESIAN_POINT ( 'NONE',  ( 0.000000000000000000, 0.000000000000000000, 5.500000000000005329 ) ) ;
#412 = CARTESIAN_POINT ( 'NONE',  ( 6.707262402719075364E-13, -37.49999999999894840, 5.500000000000005329 ) ) ;
#413 = ORIENTED_EDGE ( 'NONE', *, *, #1773, .T. ) ;
#414 = CIRCLE ( 'NONE', #753, 33.50000000000000000 ) ;
#415 = EDGE_CURVE ( 'NONE', #1753, #620, #818, .T. ) ;
#416 = VECTOR ( 'NONE', #57, 1000.000000000000000 ) ;
#417 = CARTESIAN_POINT ( 'NONE',  ( 37.49999999999894840, 1.063517890891748976E-12, 7.700000000000000178 ) ) ;
#418 = CIRCLE ( 'NONE', #565, 6.250000000000005329 ) ;
#419 = ADVANCED_FACE ( 'NONE', ( #1573, #1002 ), #267, .T. ) ;
#420 = CARTESIAN_POINT ( 'NONE',  ( -9.325873406851353310E-13, 37.49999999999894840, 13.70000000000000462 ) ) ;
#421 = FACE_OUTER_BOUND ( 'NONE', #1319, .T. ) ;
#422 = DIRECTION ( 'NONE',  ( -1.000000000000000000, 0.000000000000000000, 0.000000000000000000 ) ) ;
#423 = EDGE_LOOP ( 'NONE', ( #23, #1004, #1384, #950 ) ) ;
#424 = VERTEX_POINT ( 'NONE', #852 ) ;
#425 = AXIS2_PLACEMENT_3D ( 'NONE', #1615, #311, #1476 ) ;
#426 = CARTESIAN_POINT ( 'NONE',  ( 33.50000000000000000, 4.102566777143632985E-15, 7.700000000000000178 ) ) ;
#427 = ADVANCED_FACE ( 'NONE', ( #1711 ), #837, .F. ) ;
#428 = DIRECTION ( 'NONE',  ( -1.000000000000000000, 0.000000000000000000, 0.000000000000000000 ) ) ;
#429 = CARTESIAN_POINT ( 'NONE',  ( 0.000000000000000000, 0.000000000000000000, -86.89355146836109611 ) ) ;
#430 = DIRECTION ( 'NONE',  ( 0.000000000000000000, 0.000000000000000000, 1.000000000000000000 ) ) ;
#431 = VERTEX_POINT ( 'NONE', #1842 ) ;
#432 = EDGE_LOOP ( 'NONE', ( #882, #46, #1239, #12 ) ) ;
#433 = CARTESIAN_POINT ( 'NONE',  ( 5.119490925910139545, -38.66331967212919096, 2.700000000000000178 ) ) ;
#434 = DIRECTION ( 'NONE',  ( -0.000000000000000000, -0.000000000000000000, -1.000000000000000000 ) ) ;
#435 = EDGE_CURVE ( 'NONE', #953, #186, #1057, .T. ) ;
#436 = ADVANCED_FACE ( 'NONE', ( #974 ), #1870, .F. ) ;
#437 = CARTESIAN_POINT ( 'NONE',  ( 28.50000000000000000, 3.490243377569956456E-15, 4.500000000000000000 ) ) ;
#438 = DIRECTION ( 'NONE',  ( 1.000000000000000000, 0.000000000000000000, -0.000000000000000000 ) ) ;
#439 = ORIENTED_EDGE ( 'NONE', *, *, #457, .T. ) ;
#440 = VERTEX_POINT ( 'NONE', #1125 ) ;
#441 = CARTESIAN_POINT ( 'NONE',  ( -40.87916666666739474, 14.87090221334367079, 7.700000000000000178 ) ) ;
#442 = DIRECTION ( 'NONE',  ( 0.000000000000000000, 0.000000000000000000, 1.000000000000000000 ) ) ;
#443 = CARTESIAN_POINT ( 'NONE',  ( -18.00000000000000000, 2.204364238465235428E-15, 13.69999999999999929 ) ) ;
#444 = ORIENTED_EDGE ( 'NONE', *, *, #415, .F. ) ;
#445 = VECTOR ( 'NONE', #835, 1000.000000000000000 ) ;
#446 = ORIENTED_EDGE ( 'NONE', *, *, #387, .F. ) ;
#447 = DIRECTION ( 'NONE',  ( -0.000000000000000000, -0.000000000000000000, -1.000000000000000000 ) ) ;
#448 = LINE ( 'NONE', #1009, #544 ) ;
#449 = EDGE_LOOP ( 'NONE', ( #901, #166 ) ) ;
#450 = ORIENTED_EDGE ( 'NONE', *, *, #104, .T. ) ;
#451 = DIRECTION ( 'NONE',  ( 1.000000000000000000, 0.000000000000000000, 0.000000000000000000 ) ) ;
#452 = CARTESIAN_POINT ( 'NONE',  ( 37.50000000000106581, 3.250686727208986112E-12, 7.700000000000000178 ) ) ;
#453 = LINE ( 'NONE', #1158, #1639 ) ;
#454 = VERTEX_POINT ( 'NONE', #529 ) ;
#455 = CIRCLE ( 'NONE', #1104, 33.50000000000000000 ) ;
#456 = EDGE_LOOP ( 'NONE', ( #954, #1831, #213, #1757 ) ) ;
#457 = EDGE_CURVE ( 'NONE', #466, #603, #103, .T. ) ;
#458 = DIRECTION ( 'NONE',  ( -0.000000000000000000, -0.000000000000000000, -1.000000000000000000 ) ) ;
#459 = ORIENTED_EDGE ( 'NONE', *, *, #923, .F. ) ;
#460 = ORIENTED_EDGE ( 'NONE', *, *, #1751, .T. ) ;
#461 = CARTESIAN_POINT ( 'NONE',  ( 0.000000000000000000, 0.000000000000000000, 13.70000000000000462 ) ) ;
#462 = DIRECTION ( 'NONE',  ( 1.000000000000000000, 0.000000000000000000, 0.000000000000000000 ) ) ;
#463 = CYLINDRICAL_SURFACE ( 'NONE', #56, 5.249999999999997335 ) ;
#464 = EDGE_CURVE ( 'NONE', #1481, #80, #138, .T. ) ;
#465 = ORIENTED_EDGE ( 'NONE', *, *, #1046, .F. ) ;
#466 = VERTEX_POINT ( 'NONE', #1858 ) ;
#467 = DIRECTION ( 'NONE',  ( -0.000000000000000000, -0.000000000000000000, -1.000000000000000000 ) ) ;
#468 = EDGE_LOOP ( 'NONE', ( #1687, #283 ) ) ;
#469 = ORIENTED_EDGE ( 'NONE', *, *, #1159, .T. ) ;
#470 = DIRECTION ( 'NONE',  ( 1.000000000000000000, 0.000000000000000000, 0.000000000000000000 ) ) ;
#471 = CARTESIAN_POINT ( 'NONE',  ( 33.34583333333331723, -3.210202377663638362, 10.70000000000000107 ) ) ;
#472 = DIRECTION ( 'NONE',  ( -0.000000000000000000, -0.000000000000000000, -1.000000000000000000 ) ) ;
#473 = ORIENTED_EDGE ( 'NONE', *, *, #656, .T. ) ;
#474 = ADVANCED_FACE ( 'NONE', ( #846 ), #1427, .T. ) ;
#475 = AXIS2_PLACEMENT_3D ( 'NONE', #1133, #1558, #83 ) ;
#476 = CIRCLE ( 'NONE', #289, 28.50000000000000000 ) ;
#477 = EDGE_CURVE ( 'NONE', #162, #1827, #1798, .T. ) ;
#478 = VECTOR ( 'NONE', #1516, 1000.000000000000000 ) ;
#479 = ORIENTED_EDGE ( 'NONE', *, *, #1270, .F. ) ;
#480 = CIRCLE ( 'NONE', #944, 32.50000000000000000 ) ;
#481 = AXIS2_PLACEMENT_3D ( 'NONE', #109, #1415, #259 ) ;
#482 = DIRECTION ( 'NONE',  ( 1.000000000000000000, 0.000000000000000000, -0.000000000000000000 ) ) ;
#483 = ORIENTED_EDGE ( 'NONE', *, *, #644, .T. ) ;
#484 = ORIENTED_EDGE ( 'NONE', *, *, #118, .T. ) ;
#485 = CARTESIAN_POINT ( 'NONE',  ( 37.50000000000106581, 1.058925465394946370E-12, 2.700000000000000178 ) ) ;
#486 = FACE_OUTER_BOUND ( 'NONE', #600, .T. ) ;
#487 = ORIENTED_EDGE ( 'NONE', *, *, #1430, .T. ) ;
#488 = LINE ( 'NONE', #59, #867 ) ;
#489 = EDGE_CURVE ( 'NONE', #371, #1590, #833, .T. ) ;
#490 = AXIS2_PLACEMENT_3D ( 'NONE', #1205, #1789, #482 ) ;
#491 = VERTEX_POINT ( 'NONE', #1704 ) ;
#492 = AXIS2_PLACEMENT_3D ( 'NONE', #1134, #1846, #113 ) ;
#493 = DIRECTION ( 'NONE',  ( 1.000000000000000000, 0.000000000000000000, 0.000000000000000000 ) ) ;
#494 = DIRECTION ( 'NONE',  ( 1.000000000000000000, 0.000000000000000000, 0.000000000000000000 ) ) ;
#495 = DIRECTION ( 'NONE',  ( 1.000000000000000000, -5.286776307738844763E-15, 0.000000000000000000 ) ) ;
#496 = CARTESIAN_POINT ( 'NONE',  ( 11.45230400338433263, -31.48165708812145169, 2.700000000000000178 ) ) ;
#497 = ORIENTED_EDGE ( 'NONE', *, *, #1799, .T. ) ;
#498 = CARTESIAN_POINT ( 'NONE',  ( -11.45230400337707444, -31.48165708812408781, 7.700000000000000178 ) ) ;
#499 = ORIENTED_EDGE ( 'NONE', *, *, #314, .T. ) ;
#500 = EDGE_CURVE ( 'NONE', #1330, #646, #1217, .T. ) ;
#501 = CARTESIAN_POINT ( 'NONE',  ( -37.49999999999894840, -1.063517890891748976E-12, 5.500000000000005329 ) ) ;
#502 = FACE_OUTER_BOUND ( 'NONE', #1574, .T. ) ;
#503 = CARTESIAN_POINT ( 'NONE',  ( -31.48165708812317121, 11.45230400337960575, 7.700000000000000178 ) ) ;
#504 = DIRECTION ( 'NONE',  ( 1.000000000000000000, 0.000000000000000000, 0.000000000000000000 ) ) ;
#505 = ORIENTED_EDGE ( 'NONE', *, *, #611, .F. ) ;
#506 = DIRECTION ( 'NONE',  ( 0.000000000000000000, 0.000000000000000000, -1.000000000000000000 ) ) ;
#507 = DIRECTION ( 'NONE',  ( -0.000000000000000000, 0.000000000000000000, 1.000000000000000000 ) ) ;
#508 = ORIENTED_EDGE ( 'NONE', *, *, #1447, .T. ) ;
#509 = VECTOR ( 'NONE', #1084, 1000.000000000000000 ) ;
#510 = CIRCLE ( 'NONE', #843, 6.250000000000003553 ) ;
#511 = AXIS2_PLACEMENT_3D ( 'NONE', #212, #834, #540 ) ;
#512 = CARTESIAN_POINT ( 'NONE',  ( 14.87090221334564077, 40.87916666666667709, 2.700000000000000178 ) ) ;
#513 = DIRECTION ( 'NONE',  ( 0.000000000000000000, 0.000000000000000000, 1.000000000000000000 ) ) ;
#514 = DIRECTION ( 'NONE',  ( -1.000000000000000000, 0.000000000000000000, 0.000000000000000000 ) ) ;
#515 = ORIENTED_EDGE ( 'NONE', *, *, #477, .F. ) ;
#516 = DIRECTION ( 'NONE',  ( -0.000000000000000000, -0.000000000000000000, 1.000000000000000000 ) ) ;
#517 = CYLINDRICAL_SURFACE ( 'NONE', #1296, 3.250000000001703082 ) ;
#518 = ORIENTED_EDGE ( 'NONE', *, *, #1264, .F. ) ;
#519 = AXIS2_PLACEMENT_3D ( 'NONE', #769, #1229, #493 ) ;
#520 = FILL_AREA_STYLE_COLOUR ( '', #16 ) ;
#521 = DIRECTION ( 'NONE',  ( 1.000000000000000000, 0.000000000000000000, 0.000000000000000000 ) ) ;
#522 = ADVANCED_FACE ( 'NONE', ( #1049 ), #1766, .T. ) ;
#523 = VERTEX_POINT ( 'NONE', #1880 ) ;
#524 = CYLINDRICAL_SURFACE ( 'NONE', #287, 5.249999999999997335 ) ;
#525 = ADVANCED_FACE ( 'NONE', ( #880, #149 ), #128, .T. ) ;
#526 = CARTESIAN_POINT ( 'NONE',  ( 42.75000000000105871, 3.250686727208986112E-12, 7.700000000000000178 ) ) ;
#527 = DIRECTION ( 'NONE',  ( 0.000000000000000000, 0.000000000000000000, 1.000000000000000000 ) ) ;
#528 = ORIENTED_EDGE ( 'NONE', *, *, #809, .F. ) ;
#529 = CARTESIAN_POINT ( 'NONE',  ( 31.48165708812154051, 11.45230400338406440, 7.700000000000000178 ) ) ;
#530 = DIRECTION ( 'NONE',  ( -1.000000000000000000, -3.552713678800485152E-15, 0.000000000000000000 ) ) ;
#531 = EDGE_CURVE ( 'NONE', #945, #130, #1175, .T. ) ;
#532 = PRODUCT_DEFINITION_SHAPE ( 'NONE', 'NONE',  #1523 ) ;
#533 = CIRCLE ( 'NONE', #1593, 33.50000000000000000 ) ;
#534 = AXIS2_PLACEMENT_3D ( 'NONE', #1325, #1183, #1161 ) ;
#535 = DIRECTION ( 'NONE',  ( -0.000000000000000000, -0.000000000000000000, -1.000000000000000000 ) ) ;
#536 = AXIS2_PLACEMENT_3D ( 'NONE', #1282, #254, #395 ) ;
#537 = CIRCLE ( 'NONE', #1093, 3.250000000002276845 ) ;
#538 = DIRECTION ( 'NONE',  ( 0.000000000000000000, 0.000000000000000000, 1.000000000000000000 ) ) ;
#539 = AXIS2_PLACEMENT_3D ( 'NONE', #626, #1080, #1817 ) ;
#540 = DIRECTION ( 'NONE',  ( 1.000000000000000000, 0.000000000000000000, 0.000000000000000000 ) ) ;
#541 = EDGE_CURVE ( 'NONE', #1346, #891, #1062, .T. ) ;
#542 =( NAMED_UNIT ( * ) PLANE_ANGLE_UNIT ( ) SI_UNIT ( $, .RADIAN. ) );
#543 = DIRECTION ( 'NONE',  ( 0.000000000000000000, 0.000000000000000000, 1.000000000000000000 ) ) ;
#544 = VECTOR ( 'NONE', #1030, 1000.000000000000000 ) ;
#545 = AXIS2_PLACEMENT_3D ( 'NONE', #714, #140, #900 ) ;
#546 = DIRECTION ( 'NONE',  ( -0.000000000000000000, -0.000000000000000000, 1.000000000000000000 ) ) ;
#547 = AXIS2_PLACEMENT_3D ( 'NONE', #429, #1563, #1142 ) ;
#548 = CARTESIAN_POINT ( 'NONE',  ( -34.24999999999725020, -1.063517890891748976E-12, 2.700000000000000178 ) ) ;
#549 = CARTESIAN_POINT ( 'NONE',  ( 14.87090221334981521, -40.87916666666517074, 2.700000000000000178 ) ) ;
#550 = ADVANCED_FACE ( 'NONE', ( #30 ), #1743, .F. ) ;
#551 = CARTESIAN_POINT ( 'NONE',  ( 18.00000000000000000, 0.000000000000000000, 13.69999999999999929 ) ) ;
#552 = CARTESIAN_POINT ( 'NONE',  ( -14.87090221334038098, -40.87916666666858845, 2.700000000000000178 ) ) ;
#553 = VERTEX_POINT ( 'NONE', #1195 ) ;
#554 = EDGE_CURVE ( 'NONE', #408, #1745, #1550, .T. ) ;
#555 = FACE_OUTER_BOUND ( 'NONE', #1621, .T. ) ;
#556 = DIRECTION ( 'NONE',  ( 0.000000000000000000, 0.000000000000000000, 1.000000000000000000 ) ) ;
#557 = CYLINDRICAL_SURFACE ( 'NONE', #547, 18.00000000000000000 ) ;
#558 = EDGE_CURVE ( 'NONE', #316, #371, #730, .T. ) ;
#559 = CARTESIAN_POINT ( 'NONE',  ( -38.66331967212897069, -5.119490925906680090, 7.700000000000000178 ) ) ;
#560 = ORIENTED_EDGE ( 'NONE', *, *, #1716, .T. ) ;
#561 = ORIENTED_EDGE ( 'NONE', *, *, #119, .T. ) ;
#562 = CIRCLE ( 'NONE', #202, 5.249999999999997335 ) ;
#563 = VECTOR ( 'NONE', #1582, 1000.000000000000000 ) ;
#564 = DIRECTION ( 'NONE',  ( -0.000000000000000000, -0.000000000000000000, 1.000000000000000000 ) ) ;
#565 = AXIS2_PLACEMENT_3D ( 'NONE', #1820, #507, #1116 ) ;
#566 = AXIS2_PLACEMENT_3D ( 'NONE', #552, #1554, #247 ) ;
#567 = FACE_OUTER_BOUND ( 'NONE', #1164, .T. ) ;
#568 = CARTESIAN_POINT ( 'NONE',  ( 38.66331967213137233, 5.119490925909313539, 7.700000000000000178 ) ) ;
#569 = DIRECTION ( 'NONE',  ( 1.000000000000000000, 0.000000000000000000, 0.000000000000000000 ) ) ;
#570 = ORIENTED_EDGE ( 'NONE', *, *, #261, .F. ) ;
#571 = ORIENTED_EDGE ( 'NONE', *, *, #224, .F. ) ;
#572 = EDGE_CURVE ( 'NONE', #610, #454, #448, .T. ) ;
#573 = AXIS2_PLACEMENT_3D ( 'NONE', #346, #1043, #1165 ) ;
#574 = DIRECTION ( 'NONE',  ( 1.000000000000000000, 0.000000000000000000, 0.000000000000000000 ) ) ;
#575 = DIRECTION ( 'NONE',  ( 1.000000000000000000, 0.000000000000000000, 0.000000000000000000 ) ) ;
#576 = CIRCLE ( 'NONE', #305, 33.50000000000000000 ) ;
#577 = EDGE_CURVE ( 'NONE', #431, #1003, #296, .T. ) ;
#578 = EDGE_CURVE ( 'NONE', #939, #1191, #1612, .T. ) ;
#579 = DIRECTION ( 'NONE',  ( -1.000000000000000000, 0.000000000000000000, 0.000000000000000000 ) ) ;
#580 = CARTESIAN_POINT ( 'NONE',  ( 0.000000000000000000, 0.000000000000000000, 4.500000000000000000 ) ) ;
#581 = LINE ( 'NONE', #1, #304 ) ;
#582 = ORIENTED_EDGE ( 'NONE', *, *, #855, .F. ) ;
#583 = ORIENTED_EDGE ( 'NONE', *, *, #1046, .T. ) ;
#584 = DIRECTION ( 'NONE',  ( -0.000000000000000000, -0.000000000000000000, -1.000000000000000000 ) ) ;
#585 = CARTESIAN_POINT ( 'NONE',  ( 0.000000000000000000, 0.000000000000000000, 13.69999999999999929 ) ) ;
#586 = FACE_OUTER_BOUND ( 'NONE', #757, .T. ) ;
#587 = EDGE_CURVE ( 'NONE', #796, #1095, #746, .T. ) ;
#588 = VERTEX_POINT ( 'NONE', #1473 ) ;
#589 = ORIENTED_EDGE ( 'NONE', *, *, #578, .T. ) ;
#590 = CARTESIAN_POINT ( 'NONE',  ( -14.87090221334564077, 40.87916666666667709, 2.700000000000000178 ) ) ;
#591 = DIRECTION ( 'NONE',  ( 1.000000000000000000, 0.000000000000000000, 0.000000000000000000 ) ) ;
#592 = ORIENTED_EDGE ( 'NONE', *, *, #60, .F. ) ;
#593 = VERTEX_POINT ( 'NONE', #160 ) ;
#594 = CARTESIAN_POINT ( 'NONE',  ( -14.87090221334564077, 40.87916666666667709, 7.700000000000000178 ) ) ;
#595 = CARTESIAN_POINT ( 'NONE',  ( -32.31249999999975842, -3.486021191848356793, -86.89355146836109611 ) ) ;
#596 = CYLINDRICAL_SURFACE ( 'NONE', #291, 32.50000000000000000 ) ;
#597 = CIRCLE ( 'NONE', #1327, 9.999999999999998224 ) ;
#598 = AXIS2_PLACEMENT_3D ( 'NONE', #1555, #1386, #250 ) ;
#599 = EDGE_CURVE ( 'NONE', #933, #1778, #282, .T. ) ;
#600 = EDGE_LOOP ( 'NONE', ( #1156, #1737, #1336, #1155 ) ) ;
#601 = CARTESIAN_POINT ( 'NONE',  ( 3.210202377663752937, 33.34583333333330302, 7.700000000000000178 ) ) ;
#602 = DIRECTION ( 'NONE',  ( -0.000000000000000000, -0.000000000000000000, -1.000000000000000000 ) ) ;
#603 = VERTEX_POINT ( 'NONE', #1453 ) ;
#604 = ORIENTED_EDGE ( 'NONE', *, *, #758, .F. ) ;
#605 = DIRECTION ( 'NONE',  ( -0.000000000000000000, -0.000000000000000000, 1.000000000000000000 ) ) ;
#606 = DIRECTION ( 'NONE',  ( -0.000000000000000000, 0.000000000000000000, 1.000000000000000000 ) ) ;
#607 = DIRECTION ( 'NONE',  ( 0.000000000000000000, 0.000000000000000000, 1.000000000000000000 ) ) ;
#608 = ORIENTED_EDGE ( 'NONE', *, *, #168, .T. ) ;
#609 = AXIS2_PLACEMENT_3D ( 'NONE', #441, #1466, #762 ) ;
#610 = VERTEX_POINT ( 'NONE', #332 ) ;
#611 = EDGE_CURVE ( 'NONE', #1367, #878, #1764, .T. ) ;
#612 = CARTESIAN_POINT ( 'NONE',  ( -33.50000000000000000, 0.000000000000000000, 7.700000000000000178 ) ) ;
#613 = VERTEX_POINT ( 'NONE', #1622 ) ;
#614 = ORIENTED_EDGE ( 'NONE', *, *, #898, .T. ) ;
#615 = CARTESIAN_POINT ( 'NONE',  ( 0.000000000000000000, 0.000000000000000000, 0.000000000000000000 ) ) ;
#616 = DIRECTION ( 'NONE',  ( 1.000000000000000000, 0.000000000000000000, 0.000000000000000000 ) ) ;
#617 = CARTESIAN_POINT ( 'NONE',  ( -5.119490925905862966, 38.66331967213115206, 2.700000000000000178 ) ) ;
#618 = ORIENTED_EDGE ( 'NONE', *, *, #1447, .F. ) ;
#619 = EDGE_CURVE ( 'NONE', #1827, #1211, #1127, .T. ) ;
#620 = VERTEX_POINT ( 'NONE', #1482 ) ;
#621 = DIRECTION ( 'NONE',  ( 1.000000000000000000, 0.000000000000000000, 0.000000000000000000 ) ) ;
#622 = ORIENTED_EDGE ( 'NONE', *, *, #627, .F. ) ;
#623 = ORIENTED_EDGE ( 'NONE', *, *, #1716, .F. ) ;
#624 = DIRECTION ( 'NONE',  ( 0.000000000000000000, 0.000000000000000000, -1.000000000000000000 ) ) ;
#625 = CARTESIAN_POINT ( 'NONE',  ( 11.45230400338112631, 31.48165708812261698, 2.700000000000000178 ) ) ;
#626 = CARTESIAN_POINT ( 'NONE',  ( 0.000000000000000000, 0.000000000000000000, 5.500000000000005329 ) ) ;
#627 = EDGE_CURVE ( 'NONE', #603, #523, #799, .T. ) ;
#628 = EDGE_LOOP ( 'NONE', ( #157, #1340, #345, #681 ) ) ;
#629 = AXIS2_PLACEMENT_3D ( 'NONE', #1691, #1542, #1845 ) ;
#630 = CIRCLE ( 'NONE', #1594, 3.250000000001703082 ) ;
#631 = CIRCLE ( 'NONE', #1875, 6.250000000000005329 ) ;
#632 = AXIS2_PLACEMENT_3D ( 'NONE', #1302, #1333, #154 ) ;
#633 = ORIENTED_EDGE ( 'NONE', *, *, #1354, .T. ) ;
#634 = AXIS2_PLACEMENT_3D ( 'NONE', #652, #348, #1660 ) ;
#635 = ORIENTED_EDGE ( 'NONE', *, *, #1335, .T. ) ;
#636 = AXIS2_PLACEMENT_3D ( 'NONE', #1162, #913, #438 ) ;
#637 = CYLINDRICAL_SURFACE ( 'NONE', #1410, 5.249999999999982236 ) ;
#638 = CARTESIAN_POINT ( 'NONE',  ( 2.117850930789892740E-12, -37.50000000000000711, 2.700000000000000178 ) ) ;
#639 = CARTESIAN_POINT ( 'NONE',  ( -18.00000000000000000, 2.204364238465235428E-15, 5.500000000000005329 ) ) ;
#640 = CARTESIAN_POINT ( 'NONE',  ( 3.210202377665180240, -33.34583333333317512, 7.700000000000000178 ) ) ;
#641 = DIRECTION ( 'NONE',  ( 1.000000000000000000, 0.000000000000000000, 0.000000000000000000 ) ) ;
#642 = ORIENTED_EDGE ( 'NONE', *, *, #855, .T. ) ;
#643 = LINE ( 'NONE', #784, #327 ) ;
#644 = EDGE_CURVE ( 'NONE', #1367, #358, #581, .T. ) ;
#645 = VECTOR ( 'NONE', #513, 1000.000000000000000 ) ;
#646 = VERTEX_POINT ( 'NONE', #1356 ) ;
#647 = AXIS2_PLACEMENT_3D ( 'NONE', #1275, #1152, #1857 ) ;
#648 = DIRECTION ( 'NONE',  ( 0.000000000000000000, 0.000000000000000000, 1.000000000000000000 ) ) ;
#649 = ORIENTED_EDGE ( 'NONE', *, *, #1029, .T. ) ;
#650 = CARTESIAN_POINT ( 'NONE',  ( 0.000000000000000000, 0.000000000000000000, 2.700000000000000178 ) ) ;
#651 = FACE_OUTER_BOUND ( 'NONE', #779, .T. ) ;
#652 = CARTESIAN_POINT ( 'NONE',  ( 0.000000000000000000, 0.000000000000000000, 4.500000000000000000 ) ) ;
#653 = ORIENTED_EDGE ( 'NONE', *, *, #1433, .F. ) ;
#654 = CARTESIAN_POINT ( 'NONE',  ( 32.24999999999895550, 1.063517890891748976E-12, 7.700000000000000178 ) ) ;
#655 = CARTESIAN_POINT ( 'NONE',  ( 3.486021191848015732, -32.31249999999979394, -86.89355146836109611 ) ) ;
#656 = EDGE_CURVE ( 'NONE', #368, #1100, #1034, .T. ) ;
#657 = VERTEX_POINT ( 'NONE', #1503 ) ;
#658 = CYLINDRICAL_SURFACE ( 'NONE', #841, 9.999999999999998224 ) ;
#659 = DIRECTION ( 'NONE',  ( -0.000000000000000000, -0.000000000000000000, -1.000000000000000000 ) ) ;
#660 = CARTESIAN_POINT ( 'NONE',  ( -37.49999999999894840, -1.063517890891748976E-12, 7.700000000000000178 ) ) ;
#661 = LINE ( 'NONE', #1391, #876 ) ;
#662 = ORIENTED_EDGE ( 'NONE', *, *, #979, .T. ) ;
#663 = DIRECTION ( 'NONE',  ( -1.000000000000000000, 0.000000000000000000, 0.000000000000000000 ) ) ;
#664 = DIRECTION ( 'NONE',  ( 0.000000000000000000, 0.000000000000000000, 1.000000000000000000 ) ) ;
#665 = AXIS2_PLACEMENT_3D ( 'NONE', #420, #864, #428 ) ;
#666 = ORIENTED_EDGE ( 'NONE', *, *, #1661, .T. ) ;
#667 = ADVANCED_FACE ( 'NONE', ( #1656 ), #637, .T. ) ;
#668 = VECTOR ( 'NONE', #1640, 1000.000000000000000 ) ;
#669 = CIRCLE ( 'NONE', #1521, 5.249999999999976907 ) ;
#670 = DIRECTION ( 'NONE',  ( -0.000000000000000000, -0.000000000000000000, -1.000000000000000000 ) ) ;
#671 = ADVANCED_FACE ( 'NONE', ( #353 ), #1065, .F. ) ;
#672 = DIRECTION ( 'NONE',  ( 1.000000000000000000, 0.000000000000000000, 0.000000000000000000 ) ) ;
#673 = EDGE_LOOP ( 'NONE', ( #190, #896, #633, #1146 ) ) ;
#674 = CYLINDRICAL_SURFACE ( 'NONE', #787, 32.50000000000000000 ) ;
#675 = CARTESIAN_POINT ( 'NONE',  ( 33.34583333333313959, 3.210202377665528406, 7.700000000000000178 ) ) ;
#676 = ORIENTED_EDGE ( 'NONE', *, *, #840, .T. ) ;
#677 = VECTOR ( 'NONE', #1370, 1000.000000000000000 ) ;
#678 = DIRECTION ( 'NONE',  ( 0.000000000000000000, 0.000000000000000000, 1.000000000000000000 ) ) ;
#679 = DIRECTION ( 'NONE',  ( 0.000000000000000000, 0.000000000000000000, 1.000000000000000000 ) ) ;
#680 = EDGE_CURVE ( 'NONE', #1489, #657, #1645, .T. ) ;
#681 = ORIENTED_EDGE ( 'NONE', *, *, #1227, .F. ) ;
#682 = DIRECTION ( 'NONE',  ( 1.000000000000000000, 0.000000000000000000, 0.000000000000000000 ) ) ;
#683 = CARTESIAN_POINT ( 'NONE',  ( -17.00000000000000000, 2.081899558550499885E-15, 0.000000000000000000 ) ) ;
#684 = DIRECTION ( 'NONE',  ( -0.000000000000000000, -0.000000000000000000, -1.000000000000000000 ) ) ;
#685 = CARTESIAN_POINT ( 'NONE',  ( -32.31249999999975842, -3.486021191848356793, 13.69999999999999929 ) ) ;
#686 = DIRECTION ( 'NONE',  ( 0.000000000000000000, 0.000000000000000000, 1.000000000000000000 ) ) ;
#687 = CARTESIAN_POINT ( 'NONE',  ( 4.330298885192442761E-12, -37.49999999999781153, 7.700000000000000178 ) ) ;
#688 = AXIS2_PLACEMENT_3D ( 'NONE', #805, #1098, #641 ) ;
#689 = VECTOR ( 'NONE', #678, 1000.000000000000000 ) ;
#690 = DIRECTION ( 'NONE',  ( 1.000000000000000000, 0.000000000000000000, 0.000000000000000000 ) ) ;
#691 = VECTOR ( 'NONE', #177, 1000.000000000000000 ) ;
#692 = CARTESIAN_POINT ( 'NONE',  ( 3.250000000000000888, 37.50000000000000711, 2.700000000000000178 ) ) ;
#693 = VECTOR ( 'NONE', #26, 1000.000000000000000 ) ;
#694 = CARTESIAN_POINT ( 'NONE',  ( -28.50000000000000000, 0.000000000000000000, 4.500000000000000000 ) ) ;
#695 = CARTESIAN_POINT ( 'NONE',  ( 3.210202377663753825, 33.34583333333330302, 10.70000000000000107 ) ) ;
#696 = ADVANCED_FACE ( 'NONE', ( #1646, #791 ), #1813, .T. ) ;
#697 = DIRECTION ( 'NONE',  ( 0.000000000000000000, 0.000000000000000000, 1.000000000000000000 ) ) ;
#698 = FACE_BOUND ( 'NONE', #324, .T. ) ;
#699 = CIRCLE ( 'NONE', #1706, 28.50000000000000000 ) ;
#700 = DIRECTION ( 'NONE',  ( 0.000000000000000000, 0.000000000000000000, 1.000000000000000000 ) ) ;
#701 = VERTEX_POINT ( 'NONE', #1348 ) ;
#702 = DIRECTION ( 'NONE',  ( 1.000000000000000000, 0.000000000000000000, -0.000000000000000000 ) ) ;
#703 = ADVANCED_FACE ( 'NONE', ( #1493, #184 ), #39, .T. ) ;
#704 = CARTESIAN_POINT ( 'NONE',  ( 17.00000000000000000, 0.000000000000000000, 13.69999999999999929 ) ) ;
#705 = CYLINDRICAL_SURFACE ( 'NONE', #1153, 9.999999999999998224 ) ;
#706 = DIRECTION ( 'NONE',  ( -1.000000000000000000, -2.220446049250311898E-15, 0.000000000000000000 ) ) ;
#707 = ORIENTED_EDGE ( 'NONE', *, *, #1335, .F. ) ;
#708 = CARTESIAN_POINT ( 'NONE',  ( 0.000000000000000000, 0.000000000000000000, 13.69999999999999929 ) ) ;
#709 = EDGE_CURVE ( 'NONE', #1657, #878, #343, .T. ) ;
#710 = CARTESIAN_POINT ( 'NONE',  ( -9.325873406851353310E-13, 37.49999999999894840, -86.89355146836109611 ) ) ;
#711 = LINE ( 'NONE', #1862, #403 ) ;
#712 = AXIS2_PLACEMENT_3D ( 'NONE', #1303, #1439, #265 ) ;
#713 = EDGE_CURVE ( 'NONE', #1243, #215, #827, .T. ) ;
#714 = CARTESIAN_POINT ( 'NONE',  ( 4.330298885192442761E-12, -37.49999999999781153, 2.700000000000000178 ) ) ;
#715 = VERTEX_POINT ( 'NONE', #152 ) ;
#716 = ORIENTED_EDGE ( 'NONE', *, *, #1159, .F. ) ;
#717 = VECTOR ( 'NONE', #1071, 1000.000000000000000 ) ;
#718 = AXIS2_PLACEMENT_3D ( 'NONE', #848, #116, #1729 ) ;
#719 = FACE_OUTER_BOUND ( 'NONE', #1373, .T. ) ;
#720 = CARTESIAN_POINT ( 'NONE',  ( 14.87090221334981521, -40.87916666666517074, 7.700000000000000178 ) ) ;
#721 = AXIS2_PLACEMENT_3D ( 'NONE', #885, #607, #337 ) ;
#722 = ADVANCED_FACE ( 'NONE', ( #740, #1485 ), #1321, .F. ) ;
#723 = AXIS2_PLACEMENT_3D ( 'NONE', #1756, #1184, #569 ) ;
#724 = ORIENTED_EDGE ( 'NONE', *, *, #1238, .F. ) ;
#725 = DIRECTION ( 'NONE',  ( 1.000000000000000000, 0.000000000000000000, 0.000000000000000000 ) ) ;
#726 = CARTESIAN_POINT ( 'NONE',  ( -37.49999999999894840, -1.063517890891748976E-12, 2.700000000000000178 ) ) ;
#727 = DIRECTION ( 'NONE',  ( 0.000000000000000000, 0.000000000000000000, -1.000000000000000000 ) ) ;
#728 = ORIENTED_EDGE ( 'NONE', *, *, #1194, .F. ) ;
#729 = EDGE_LOOP ( 'NONE', ( #1581, #465, #1220, #19 ) ) ;
#730 = CIRCLE ( 'NONE', #1375, 5.249999999999991118 ) ;
#731 = EDGE_CURVE ( 'NONE', #1185, #298, #401, .T. ) ;
#732 = CIRCLE ( 'NONE', #1860, 3.250000000001703082 ) ;
#733 = DIRECTION ( 'NONE',  ( 1.000000000000000000, 0.000000000000000000, 0.000000000000000000 ) ) ;
#734 = DIRECTION ( 'NONE',  ( -1.000000000000000000, 0.000000000000000000, 0.000000000000000000 ) ) ;
#735 = ORIENTED_EDGE ( 'NONE', *, *, #1414, .T. ) ;
#736 = CARTESIAN_POINT ( 'NONE',  ( 0.000000000000000000, 0.000000000000000000, -86.89355146836109611 ) ) ;
#737 = DIRECTION ( 'NONE',  ( -0.000000000000000000, 0.000000000000000000, 1.000000000000000000 ) ) ;
#738 = ORIENTED_EDGE ( 'NONE', *, *, #713, .F. ) ;
#739 = VERTEX_POINT ( 'NONE', #1769 ) ;
#740 = FACE_OUTER_BOUND ( 'NONE', #907, .T. ) ;
#741 = CARTESIAN_POINT ( 'NONE',  ( 38.66331967213137233, 5.119490925909313539, 2.700000000000000178 ) ) ;
#742 = CARTESIAN_POINT ( 'NONE',  ( 5.119490925905862966, 38.66331967213115206, 2.700000000000000178 ) ) ;
#743 = EDGE_CURVE ( 'NONE', #70, #298, #1198, .T. ) ;
#744 = ORIENTED_EDGE ( 'NONE', *, *, #1297, .T. ) ;
#745 = DIRECTION ( 'NONE',  ( 1.000000000000000000, 0.000000000000000000, 0.000000000000000000 ) ) ;
#746 = LINE ( 'NONE', #1776, #1247 ) ;
#747 = ORIENTED_EDGE ( 'NONE', *, *, #435, .T. ) ;
#748 = ORIENTED_EDGE ( 'NONE', *, *, #558, .F. ) ;
#749 = CARTESIAN_POINT ( 'NONE',  ( 0.000000000000000000, 0.000000000000000000, 2.700000000000000178 ) ) ;
#750 = CARTESIAN_POINT ( 'NONE',  ( 11.45230400338112631, 31.48165708812261698, 7.700000000000000178 ) ) ;
#751 = DIRECTION ( 'NONE',  ( -0.000000000000000000, -0.000000000000000000, -1.000000000000000000 ) ) ;
#752 = ORIENTED_EDGE ( 'NONE', *, *, #911, .F. ) ;
#753 = AXIS2_PLACEMENT_3D ( 'NONE', #1259, #1285, #725 ) ;
#754 = AXIS2_PLACEMENT_3D ( 'NONE', #1884, #1575, #1157 ) ;
#755 = AXIS2_PLACEMENT_3D ( 'NONE', #1667, #948, #1241 ) ;
#756 = EDGE_CURVE ( 'NONE', #878, #408, #1279, .T. ) ;
#757 = EDGE_LOOP ( 'NONE', ( #310, #881, #508, #1015 ) ) ;
#758 = EDGE_CURVE ( 'NONE', #593, #1191, #920, .T. ) ;
#759 = CARTESIAN_POINT ( 'NONE',  ( 0.000000000000000000, 0.000000000000000000, 0.000000000000000000 ) ) ;
#760 = ORIENTED_EDGE ( 'NONE', *, *, #1629, .T. ) ;
#761 = ORIENTED_EDGE ( 'NONE', *, *, #464, .T. ) ;
#762 = DIRECTION ( 'NONE',  ( 1.000000000000000000, 0.000000000000000000, 0.000000000000000000 ) ) ;
#763 = CARTESIAN_POINT ( 'NONE',  ( 32.24999999999895550, 1.063517890891748976E-12, 13.69999999999999929 ) ) ;
#764 = DIRECTION ( 'NONE',  ( 0.000000000000000000, 0.000000000000000000, 1.000000000000000000 ) ) ;
#765 = ORIENTED_EDGE ( 'NONE', *, *, #489, .T. ) ;
#766 = VECTOR ( 'NONE', #916, 1000.000000000000000 ) ;
#767 = ORIENTED_EDGE ( 'NONE', *, *, #1730, .T. ) ;
#768 = ADVANCED_FACE ( 'NONE', ( #1068 ), #1746, .F. ) ;
#769 = CARTESIAN_POINT ( 'NONE',  ( 0.000000000000000000, 0.000000000000000000, 13.69999999999999929 ) ) ;
#770 = ORIENTED_EDGE ( 'NONE', *, *, #1765, .T. ) ;
#771 = ORIENTED_EDGE ( 'NONE', *, *, #1387, .F. ) ;
#772 = CARTESIAN_POINT ( 'NONE',  ( -14.87090221334038098, -40.87916666666858845, 7.700000000000000178 ) ) ;
#773 = CARTESIAN_POINT ( 'NONE',  ( 37.49999999999894840, 1.063517890891748976E-12, -86.89355146836109611 ) ) ;
#774 = ORIENTED_EDGE ( 'NONE', *, *, #1061, .F. ) ;
#775 = ORIENTED_EDGE ( 'NONE', *, *, #1811, .T. ) ;
#776 = EDGE_CURVE ( 'NONE', #297, #891, #321, .T. ) ;
#777 = DIRECTION ( 'NONE',  ( 0.000000000000000000, 0.000000000000000000, -1.000000000000000000 ) ) ;
#778 = CYLINDRICAL_SURFACE ( 'NONE', #1172, 3.250000000002276845 ) ;
#779 = EDGE_LOOP ( 'NONE', ( #582, #181, #1763, #561 ) ) ;
#780 = DIRECTION ( 'NONE',  ( -0.000000000000000000, -0.000000000000000000, -1.000000000000000000 ) ) ;
#781 = CARTESIAN_POINT ( 'NONE',  ( 11.45230400338112631, 31.48165708812261698, 2.700000000000000178 ) ) ;
#782 = EDGE_CURVE ( 'NONE', #1758, #162, #1188, .T. ) ;
#783 = EDGE_LOOP ( 'NONE', ( #1299, #1492, #1536, #36 ) ) ;
#784 = CARTESIAN_POINT ( 'NONE',  ( 34.25000000000024158, 1.059323475604669392E-12, 2.700000000000000178 ) ) ;
#785 = VECTOR ( 'NONE', #1254, 1000.000000000000000 ) ;
#786 = AXIS2_PLACEMENT_3D ( 'NONE', #585, #874, #1456 ) ;
#787 = AXIS2_PLACEMENT_3D ( 'NONE', #89, #516, #359 ) ;
#788 = AXIS2_PLACEMENT_3D ( 'NONE', #1265, #397, #530 ) ;
#789 = ORIENTED_EDGE ( 'NONE', *, *, #271, .T. ) ;
#790 = CIRCLE ( 'NONE', #1701, 5.249999999999997335 ) ;
#791 = FACE_BOUND ( 'NONE', #449, .T. ) ;
#792 = CARTESIAN_POINT ( 'NONE',  ( -3.210202377665412055, 33.34583333333314670, 10.70000000000000107 ) ) ;
#793 = LINE ( 'NONE', #1666, #677 ) ;
#794 = CARTESIAN_POINT ( 'NONE',  ( 0.000000000000000000, 0.000000000000000000, 7.700000000000000178 ) ) ;
#795 = PRODUCT_CONTEXT ( 'NONE', #207, 'mechanical' ) ;
#796 = VERTEX_POINT ( 'NONE', #1506 ) ;
#797 = CARTESIAN_POINT ( 'NONE',  ( -11.45230400338112453, 31.48165708812260988, 7.700000000000000178 ) ) ;
#798 = DIRECTION ( 'NONE',  ( 1.000000000000000000, 0.000000000000000000, 0.000000000000000000 ) ) ;
#799 = CIRCLE ( 'NONE', #851, 28.50000000000000000 ) ;
#800 = EDGE_LOOP ( 'NONE', ( #1309, #450, #459, #642, #1795, #1673 ) ) ;
#801 = CIRCLE ( 'NONE', #1807, 10.00000000000000178 ) ;
#802 = VERTEX_POINT ( 'NONE', #892 ) ;
#803 = DIRECTION ( 'NONE',  ( -0.000000000000000000, -0.000000000000000000, -1.000000000000000000 ) ) ;
#804 = DIRECTION ( 'NONE',  ( -0.000000000000000000, -0.000000000000000000, -1.000000000000000000 ) ) ;
#805 = CARTESIAN_POINT ( 'NONE',  ( 0.000000000000000000, 0.000000000000000000, 0.000000000000000000 ) ) ;
#806 = ORIENTED_EDGE ( 'NONE', *, *, #1799, .F. ) ;
#807 = FACE_OUTER_BOUND ( 'NONE', #1039, .T. ) ;
#808 = DIRECTION ( 'NONE',  ( 1.000000000000000000, 0.000000000000000000, 0.000000000000000000 ) ) ;
#809 = EDGE_CURVE ( 'NONE', #610, #1330, #1837, .T. ) ;
#810 = ORIENTED_EDGE ( 'NONE', *, *, #1109, .F. ) ;
#811 = DIRECTION ( 'NONE',  ( -1.000000000000000000, 0.000000000000000000, 0.000000000000000000 ) ) ;
#812 = CYLINDRICAL_SURFACE ( 'NONE', #1803, 5.249999999999976907 ) ;
#813 = ORIENTED_EDGE ( 'NONE', *, *, #1539, .T. ) ;
#814 = CARTESIAN_POINT ( 'NONE',  ( 0.000000000000000000, 0.000000000000000000, 7.700000000000000178 ) ) ;
#815 = DIRECTION ( 'NONE',  ( -3.491481338843121128E-15, -1.000000000000000000, 0.000000000000000000 ) ) ;
#816 = CIRCLE ( 'NONE', #169, 3.250000000000000888 ) ;
#817 = ORIENTED_EDGE ( 'NONE', *, *, #1866, .F. ) ;
#818 = CIRCLE ( 'NONE', #1292, 5.249999999999979572 ) ;
#819 = EDGE_CURVE ( 'NONE', #1519, #701, #1887, .T. ) ;
#820 = AXIS2_PLACEMENT_3D ( 'NONE', #708, #1865, #574 ) ;
#821 = LINE ( 'NONE', #1674, #1256 ) ;
#822 = ADVANCED_FACE ( 'NONE', ( #1638 ), #1033, .F. ) ;
#823 = AXIS2_PLACEMENT_3D ( 'NONE', #114, #700, #1863 ) ;
#824 = EDGE_LOOP ( 'NONE', ( #1406, #666, #1350, #293 ) ) ;
#825 = DIRECTION ( 'NONE',  ( -1.000000000000000000, 0.000000000000000000, 0.000000000000000000 ) ) ;
#826 = CARTESIAN_POINT ( 'NONE',  ( -9.325873406851353310E-13, 37.49999999999894840, 7.700000000000000178 ) ) ;
#827 = CIRCLE ( 'NONE', #573, 33.50000000000000000 ) ;
#828 = CIRCLE ( 'NONE', #492, 3.250000000002276845 ) ;
#829 = EDGE_CURVE ( 'NONE', #523, #603, #699, .T. ) ;
#830 = LINE ( 'NONE', #251, #445 ) ;
#831 = CARTESIAN_POINT ( 'NONE',  ( 3.486021191848015732, -32.31249999999979394, 5.500000000000005329 ) ) ;
#832 = VERTEX_POINT ( 'NONE', #1187 ) ;
#833 = LINE ( 'NONE', #1847, #1402 ) ;
#834 = DIRECTION ( 'NONE',  ( -0.000000000000000000, 0.000000000000000000, 1.000000000000000000 ) ) ;
#835 = DIRECTION ( 'NONE',  ( 0.000000000000000000, 0.000000000000000000, 1.000000000000000000 ) ) ;
#836 = CARTESIAN_POINT ( 'NONE',  ( 0.000000000000000000, 0.000000000000000000, 13.69999999999999929 ) ) ;
#837 = CYLINDRICAL_SURFACE ( 'NONE', #1595, 3.250000000000000888 ) ;
#838 = EDGE_CURVE ( 'NONE', #371, #1206, #1680, .T. ) ;
#839 = DIRECTION ( 'NONE',  ( 0.000000000000000000, 0.000000000000000000, 1.000000000000000000 ) ) ;
#840 = EDGE_CURVE ( 'NONE', #162, #338, #163, .T. ) ;
#841 = AXIS2_PLACEMENT_3D ( 'NONE', #512, #697, #1855 ) ;
#842 = DIRECTION ( 'NONE',  ( 1.000000000000000000, 0.000000000000000000, 0.000000000000000000 ) ) ;
#843 = AXIS2_PLACEMENT_3D ( 'NONE', #1012, #285, #733 ) ;
#844 = CARTESIAN_POINT ( 'NONE',  ( -40.87916666666654919, -14.87090221334598894, 2.700000000000000178 ) ) ;
#845 = CIRCLE ( 'NONE', #1248, 3.250000000001703082 ) ;
#846 = FACE_OUTER_BOUND ( 'NONE', #1105, .T. ) ;
#847 = ORIENTED_EDGE ( 'NONE', *, *, #1203, .F. ) ;
#848 = CARTESIAN_POINT ( 'NONE',  ( 40.87916666666787080, -14.87090221334237050, 7.700000000000000178 ) ) ;
#849 = CARTESIAN_POINT ( 'NONE',  ( 33.34583333333331723, -3.210202377663638362, 13.70000000000000462 ) ) ;
#850 = CARTESIAN_POINT ( 'NONE',  ( 0.000000000000000000, 37.50000000000000711, 2.700000000000000178 ) ) ;
#851 = AXIS2_PLACEMENT_3D ( 'NONE', #759, #727, #1307 ) ;
#852 = CARTESIAN_POINT ( 'NONE',  ( 17.00000000000000000, 0.000000000000000000, 4.500000000000000000 ) ) ;
#853 = ORIENTED_EDGE ( 'NONE', *, *, #578, .F. ) ;
#854 = FACE_BOUND ( 'NONE', #199, .T. ) ;
#855 = EDGE_CURVE ( 'NONE', #338, #1479, #145, .T. ) ;
#856 = ADVANCED_FACE ( 'NONE', ( #1208 ), #1792, .F. ) ;
#857 = CYLINDRICAL_SURFACE ( 'NONE', #1118, 6.250000000000003553 ) ;
#858 = DIRECTION ( 'NONE',  ( -0.000000000000000000, -0.000000000000000000, 1.000000000000000000 ) ) ;
#859 = EDGE_CURVE ( 'NONE', #1657, #454, #455, .T. ) ;
#860 = DIRECTION ( 'NONE',  ( 0.000000000000000000, 0.000000000000000000, 1.000000000000000000 ) ) ;
#861 = ORIENTED_EDGE ( 'NONE', *, *, #1314, .F. ) ;
#862 = ORIENTED_EDGE ( 'NONE', *, *, #829, .F. ) ;
#863 = CARTESIAN_POINT ( 'NONE',  ( 0.000000000000000000, 37.50000000000000711, 7.700000000000000178 ) ) ;
#864 = DIRECTION ( 'NONE',  ( 0.000000000000000000, -0.000000000000000000, -1.000000000000000000 ) ) ;
#865 = EDGE_CURVE ( 'NONE', #1070, #1346, #1096, .T. ) ;
#866 = DIRECTION ( 'NONE',  ( -0.000000000000000000, -0.000000000000000000, 1.000000000000000000 ) ) ;
#867 = VECTOR ( 'NONE', #1407, 1000.000000000000000 ) ;
#868 = AXIS2_PLACEMENT_3D ( 'NONE', #1719, #1284, #1567 ) ;
#869 = DIRECTION ( 'NONE',  ( 0.000000000000000000, 0.000000000000000000, 1.000000000000000000 ) ) ;
#870 = EDGE_LOOP ( 'NONE', ( #735, #1565, #1470, #1031 ) ) ;
#871 = VERTEX_POINT ( 'NONE', #831 ) ;
#872 = AXIS2_PLACEMENT_3D ( 'NONE', #228, #198, #1224 ) ;
#873 = AXIS2_PLACEMENT_3D ( 'NONE', #1849, #370, #360 ) ;
#874 = DIRECTION ( 'NONE',  ( -0.000000000000000000, 0.000000000000000000, 1.000000000000000000 ) ) ;
#875 = CARTESIAN_POINT ( 'NONE',  ( 0.000000000000000000, 0.000000000000000000, -86.89355146836109611 ) ) ;
#876 = VECTOR ( 'NONE', #1508, 1000.000000000000000 ) ;
#877 = AXIS2_PLACEMENT_3D ( 'NONE', #10, #173, #318 ) ;
#878 = VERTEX_POINT ( 'NONE', #55 ) ;
#879 = DIRECTION ( 'NONE',  ( 1.000000000000000000, 0.000000000000000000, 0.000000000000000000 ) ) ;
#880 = FACE_OUTER_BOUND ( 'NONE', #800, .T. ) ;
#881 = ORIENTED_EDGE ( 'NONE', *, *, #1869, .F. ) ;
#882 = ORIENTED_EDGE ( 'NONE', *, *, #331, .F. ) ;
#883 = CARTESIAN_POINT ( 'NONE',  ( 0.000000000000000000, 0.000000000000000000, 2.700000000000000178 ) ) ;
#884 = DIRECTION ( 'NONE',  ( 0.000000000000000000, 0.000000000000000000, 1.000000000000000000 ) ) ;
#885 = CARTESIAN_POINT ( 'NONE',  ( 0.000000000000000000, 0.000000000000000000, 0.000000000000000000 ) ) ;
#886 = ORIENTED_EDGE ( 'NONE', *, *, #93, .F. ) ;
#887 = ORIENTED_EDGE ( 'NONE', *, *, #709, .T. ) ;
#888 = DIRECTION ( 'NONE',  ( -1.000000000000000000, 0.000000000000000000, -0.000000000000000000 ) ) ;
#889 = DIRECTION ( 'NONE',  ( 0.000000000000000000, 0.000000000000000000, 1.000000000000000000 ) ) ;
#890 = ORIENTED_EDGE ( 'NONE', *, *, #1491, .T. ) ;
#891 = VERTEX_POINT ( 'NONE', #1833 ) ;
#892 = CARTESIAN_POINT ( 'NONE',  ( -3.486021191846853551, -32.31249999999991473, 13.69999999999999929 ) ) ;
#893 = DIRECTION ( 'NONE',  ( -0.000000000000000000, -0.000000000000000000, 1.000000000000000000 ) ) ;
#894 = DIRECTION ( 'NONE',  ( 0.000000000000000000, 0.000000000000000000, -1.000000000000000000 ) ) ;
#895 = ORIENTED_EDGE ( 'NONE', *, *, #587, .F. ) ;
#896 = ORIENTED_EDGE ( 'NONE', *, *, #1379, .F. ) ;
#897 = EDGE_CURVE ( 'NONE', #11, #1047, #793, .T. ) ;
#898 = EDGE_CURVE ( 'NONE', #1745, #1107, #1460, .T. ) ;
#899 = EDGE_LOOP ( 'NONE', ( #1841, #922, #315, #890, #446, #320, #1067, #150, #635 ) ) ;
#900 = DIRECTION ( 'NONE',  ( 1.000000000000000000, 0.000000000000000000, 0.000000000000000000 ) ) ;
#901 = ORIENTED_EDGE ( 'NONE', *, *, #911, .T. ) ;
#902 = ORIENTED_EDGE ( 'NONE', *, *, #303, .F. ) ;
#903 = DIRECTION ( 'NONE',  ( -1.000000000000000000, 0.000000000000000000, 0.000000000000000000 ) ) ;
#904 = VECTOR ( 'NONE', #272, 1000.000000000000000 ) ;
#905 = CARTESIAN_POINT ( 'NONE',  ( -38.66331967212897069, -5.119490925906680090, 2.700000000000000178 ) ) ;
#906 = DIRECTION ( 'NONE',  ( 0.000000000000000000, 0.000000000000000000, 1.000000000000000000 ) ) ;
#907 = EDGE_LOOP ( 'NONE', ( #499, #1694, #1218, #1177, #1168, #961, #28, #1823, #1400 ) ) ;
#908 = CIRCLE ( 'NONE', #1212, 32.50000000000000000 ) ;
#909 = AXIS2_PLACEMENT_3D ( 'NONE', #1444, #1429, #702 ) ;
#910 = AXIS2_PLACEMENT_3D ( 'NONE', #794, #1825, #1232 ) ;
#911 = EDGE_CURVE ( 'NONE', #491, #796, #732, .T. ) ;
#912 = ORIENTED_EDGE ( 'NONE', *, *, #1286, .T. ) ;
#913 = DIRECTION ( 'NONE',  ( 0.000000000000000000, 0.000000000000000000, 1.000000000000000000 ) ) ;
#914 = ORIENTED_EDGE ( 'NONE', *, *, #743, .T. ) ;
#915 = EDGE_LOOP ( 'NONE', ( #189, #1465, #1345, #1664 ) ) ;
#916 = DIRECTION ( 'NONE',  ( 0.000000000000000000, 0.000000000000000000, 1.000000000000000000 ) ) ;
#917 = DIRECTION ( 'NONE',  ( -0.000000000000000000, -0.000000000000000000, 1.000000000000000000 ) ) ;
#918 = CARTESIAN_POINT ( 'NONE',  ( 37.49999999999894840, 1.063517890891748976E-12, 13.70000000000000462 ) ) ;
#919 = ORIENTED_EDGE ( 'NONE', *, *, #1539, .F. ) ;
#920 = CIRCLE ( 'NONE', #976, 3.250000000000828670 ) ;
#921 = EDGE_CURVE ( 'NONE', #92, #381, #1342, .T. ) ;
#922 = ORIENTED_EDGE ( 'NONE', *, *, #1583, .T. ) ;
#923 = EDGE_CURVE ( 'NONE', #338, #349, #1001, .T. ) ;
#924 = CARTESIAN_POINT ( 'NONE',  ( 33.34583333333313959, 3.210202377665527074, 10.70000000000000107 ) ) ;
#925 = ORIENTED_EDGE ( 'NONE', *, *, #859, .F. ) ;
#926 = ORIENTED_EDGE ( 'NONE', *, *, #554, .T. ) ;
#927 = CARTESIAN_POINT ( 'NONE',  ( -32.31249999999995026, 3.486021191846521372, -86.89355146836109611 ) ) ;
#928 = DIRECTION ( 'NONE',  ( 1.000000000000000000, 0.000000000000000000, 0.000000000000000000 ) ) ;
#929 = DIRECTION ( 'NONE',  ( -0.000000000000000000, -0.000000000000000000, -1.000000000000000000 ) ) ;
#930 = ADVANCED_FACE ( 'NONE', ( #1658 ), #812, .T. ) ;
#931 = ORIENTED_EDGE ( 'NONE', *, *, #398, .F. ) ;
#932 = CARTESIAN_POINT ( 'NONE',  ( -33.34583333333331012, 3.210202377663627704, 7.700000000000000178 ) ) ;
#933 = VERTEX_POINT ( 'NONE', #639 ) ;
#934 = EDGE_CURVE ( 'NONE', #1483, #1436, #1685, .T. ) ;
#935 = CARTESIAN_POINT ( 'NONE',  ( 40.87916666666787080, -14.87090221334237050, 2.700000000000000178 ) ) ;
#936 = LINE ( 'NONE', #792, #509 ) ;
#937 = CARTESIAN_POINT ( 'NONE',  ( -17.00000000000000000, 2.081899558550499885E-15, 13.69999999999999929 ) ) ;
#938 = LINE ( 'NONE', #496, #478 ) ;
#939 = VERTEX_POINT ( 'NONE', #972 ) ;
#940 = FACE_OUTER_BOUND ( 'NONE', #456, .T. ) ;
#941 = DIRECTION ( 'NONE',  ( 0.000000000000000000, 0.000000000000000000, -1.000000000000000000 ) ) ;
#942 = AXIS2_PLACEMENT_3D ( 'NONE', #1832, #1280, #990 ) ;
#943 = AXIS2_PLACEMENT_3D ( 'NONE', #1705, #404, #300 ) ;
#944 = AXIS2_PLACEMENT_3D ( 'NONE', #1110, #975, #1830 ) ;
#945 = VERTEX_POINT ( 'NONE', #383 ) ;
#946 = DIRECTION ( 'NONE',  ( -0.000000000000000000, -0.000000000000000000, 1.000000000000000000 ) ) ;
#947 = DIRECTION ( 'NONE',  ( 0.000000000000000000, 0.000000000000000000, 1.000000000000000000 ) ) ;
#948 = DIRECTION ( 'NONE',  ( 0.000000000000000000, 0.000000000000000000, 1.000000000000000000 ) ) ;
#949 = EDGE_CURVE ( 'NONE', #1665, #1631, #821, .T. ) ;
#950 = ORIENTED_EDGE ( 'NONE', *, *, #979, .F. ) ;
#951 = CARTESIAN_POINT ( 'NONE',  ( 37.49999999999894840, 1.063517890891748976E-12, 7.700000000000000178 ) ) ;
#952 = DIRECTION ( 'NONE',  ( -0.000000000000000000, -0.000000000000000000, 1.000000000000000000 ) ) ;
#953 = VERTEX_POINT ( 'NONE', #937 ) ;
#954 = ORIENTED_EDGE ( 'NONE', *, *, #599, .F. ) ;
#955 = DIRECTION ( 'NONE',  ( -1.000000000000000000, 0.000000000000000000, 0.000000000000000000 ) ) ;
#956 = CYLINDRICAL_SURFACE ( 'NONE', #755, 9.999999999999998224 ) ;
#957 = ORIENTED_EDGE ( 'NONE', *, *, #611, .T. ) ;
#958 = CYLINDRICAL_SURFACE ( 'NONE', #1850, 18.00000000000000000 ) ;
#959 = DIRECTION ( 'NONE',  ( 1.000000000000000000, 0.000000000000000000, 0.000000000000000000 ) ) ;
#960 = ADVANCED_FACE ( 'NONE', ( #1221 ), #1514, .F. ) ;
#961 = ORIENTED_EDGE ( 'NONE', *, *, #230, .T. ) ;
#962 = ADVANCED_FACE ( 'NONE', ( #375 ), #1840, .F. ) ;
#963 = LINE ( 'NONE', #94, #689 ) ;
#964 = DIRECTION ( 'NONE',  ( 1.000000000000000000, 0.000000000000000000, 0.000000000000000000 ) ) ;
#965 = ORIENTED_EDGE ( 'NONE', *, *, #1502, .T. ) ;
#966 = DIRECTION ( 'NONE',  ( 0.000000000000000000, 0.000000000000000000, 1.000000000000000000 ) ) ;
#967 = FACE_OUTER_BOUND ( 'NONE', #915, .T. ) ;
#968 = EDGE_CURVE ( 'NONE', #1051, #454, #801, .T. ) ;
#969 = AXIS2_PLACEMENT_3D ( 'NONE', #580, #1450, #888 ) ;
#970 = CIRCLE ( 'NONE', #1424, 5.249999999999979572 ) ;
#971 = CARTESIAN_POINT ( 'NONE',  ( -31.48165708812317121, 11.45230400337960575, 2.700000000000000178 ) ) ;
#972 = CARTESIAN_POINT ( 'NONE',  ( 40.75000000000189715, 1.058925465394946370E-12, 2.700000000000000178 ) ) ;
#973 = ORIENTED_EDGE ( 'NONE', *, *, #1201, .T. ) ;
#974 = FACE_OUTER_BOUND ( 'NONE', #423, .T. ) ;
#975 = DIRECTION ( 'NONE',  ( -0.000000000000000000, -0.000000000000000000, 1.000000000000000000 ) ) ;
#976 = AXIS2_PLACEMENT_3D ( 'NONE', #1649, #1331, #335 ) ;
#977 = AXIS2_PLACEMENT_3D ( 'NONE', #850, #406, #1578 ) ;
#978 = CARTESIAN_POINT ( 'NONE',  ( -37.49999999999894840, -1.063517890891748976E-12, 2.700000000000000178 ) ) ;
#979 = EDGE_CURVE ( 'NONE', #80, #1243, #1411, .T. ) ;
#980 = DIRECTION ( 'NONE',  ( -1.000000000000000000, 0.000000000000000000, 0.000000000000000000 ) ) ;
#981 = CARTESIAN_POINT ( 'NONE',  ( 0.000000000000000000, 0.000000000000000000, 13.69999999999999929 ) ) ;
#982 = PLANE ( 'NONE',  #909 ) ;
#983 = DIRECTION ( 'NONE',  ( 0.000000000000000000, 0.000000000000000000, 1.000000000000000000 ) ) ;
#984 = DIRECTION ( 'NONE',  ( -1.000000000000000000, 0.000000000000000000, 0.000000000000000000 ) ) ;
#985 = EDGE_CURVE ( 'NONE', #1349, #431, #576, .T. ) ;
#986 = DIRECTION ( 'NONE',  ( 1.000000000000000000, 0.000000000000000000, 0.000000000000000000 ) ) ;
#987 = ORIENTED_EDGE ( 'NONE', *, *, #1856, .F. ) ;
#988 = DIRECTION ( 'NONE',  ( 0.000000000000000000, 0.000000000000000000, 1.000000000000000000 ) ) ;
#989 = CIRCLE ( 'NONE', #1394, 3.250000000002276845 ) ;
#990 = DIRECTION ( 'NONE',  ( 1.000000000000000000, 0.000000000000000000, 0.000000000000000000 ) ) ;
#991 = AXIS2_PLACEMENT_3D ( 'NONE', #417, #988, #111 ) ;
#992 = CARTESIAN_POINT ( 'NONE',  ( -33.50000000000000000, 0.000000000000000000, 0.000000000000000000 ) ) ;
#993 = CIRCLE ( 'NONE', #598, 6.250000000000003553 ) ;
#994 = DIRECTION ( 'NONE',  ( -0.000000000000000000, -0.000000000000000000, -1.000000000000000000 ) ) ;
#995 = ORIENTED_EDGE ( 'NONE', *, *, #709, .F. ) ;
#996 = ADVANCED_FACE ( 'NONE', ( #502 ), #1382, .T. ) ;
#997 = LINE ( 'NONE', #426, #288 ) ;
#998 = ADVANCED_FACE ( 'NONE', ( #421 ), #1124, .F. ) ;
#999 = CARTESIAN_POINT ( 'NONE',  ( 32.31249999999995026, -3.486021191846540024, -86.89355146836109611 ) ) ;
#1000 = DIRECTION ( 'NONE',  ( -0.000000000000000000, -0.000000000000000000, 1.000000000000000000 ) ) ;
#1001 = CIRCLE ( 'NONE', #1257, 33.50000000000000000 ) ;
#1002 = FACE_BOUND ( 'NONE', #1712, .T. ) ;
#1003 = VERTEX_POINT ( 'NONE', #992 ) ;
#1004 = ORIENTED_EDGE ( 'NONE', *, *, #104, .F. ) ;
#1005 = DIRECTION ( 'NONE',  ( -0.000000000000000000, -0.000000000000000000, -1.000000000000000000 ) ) ;
#1006 = EDGE_CURVE ( 'NONE', #424, #832, #1226, .T. ) ;
#1007 = DIRECTION ( 'NONE',  ( 0.000000000000000000, 0.000000000000000000, 1.000000000000000000 ) ) ;
#1008 = PLANE ( 'NONE',  #1378 ) ;
#1009 = CARTESIAN_POINT ( 'NONE',  ( 31.48165708812154051, 11.45230400338406795, 2.700000000000000178 ) ) ;
#1010 = ORIENTED_EDGE ( 'NONE', *, *, #1569, .T. ) ;
#1011 = ORIENTED_EDGE ( 'NONE', *, *, #1597, .F. ) ;
#1012 = CARTESIAN_POINT ( 'NONE',  ( -9.325873406851353310E-13, 37.49999999999894840, 13.69999999999999929 ) ) ;
#1013 = FACE_OUTER_BOUND ( 'NONE', #329, .T. ) ;
#1014 = EDGE_CURVE ( 'NONE', #130, #1436, #828, .T. ) ;
#1015 = ORIENTED_EDGE ( 'NONE', *, *, #1201, .F. ) ;
#1016 = CARTESIAN_POINT ( 'NONE',  ( 2.117850930789892740E-12, -37.50000000000000711, 2.700000000000000178 ) ) ;
#1017 =( GEOMETRIC_REPRESENTATION_CONTEXT ( 3 ) GLOBAL_UNCERTAINTY_ASSIGNED_CONTEXT ( ( #1620 ) ) GLOBAL_UNIT_ASSIGNED_CONTEXT ( ( #1551, #542, #389 ) ) REPRESENTATION_CONTEXT ( 'NONE', 'WORKASPACE' ) );
#1018 = DIRECTION ( 'NONE',  ( -0.000000000000000000, -0.000000000000000000, -1.000000000000000000 ) ) ;
#1019 = ORIENTED_EDGE ( 'NONE', *, *, #1655, .F. ) ;
#1020 = ORIENTED_EDGE ( 'NONE', *, *, #415, .T. ) ;
#1021 = AXIS2_PLACEMENT_3D ( 'NONE', #412, #546, #706 ) ;
#1022 = DIRECTION ( 'NONE',  ( -1.000000000000000000, 0.000000000000000000, 0.000000000000000000 ) ) ;
#1023 = CIRCLE ( 'NONE', #1451, 18.00000000000000000 ) ;
#1024 = DIRECTION ( 'NONE',  ( 1.000000000000000000, 0.000000000000000000, 0.000000000000000000 ) ) ;
#1025 = DIRECTION ( 'NONE',  ( 0.000000000000000000, 0.000000000000000000, 1.000000000000000000 ) ) ;
#1026 = CIRCLE ( 'NONE', #539, 18.00000000000000000 ) ;
#1027 = EDGE_LOOP ( 'NONE', ( #1528, #1607, #1312, #853 ) ) ;
#1028 = FACE_OUTER_BOUND ( 'NONE', #66, .T. ) ;
#1029 = EDGE_CURVE ( 'NONE', #1644, #657, #711, .T. ) ;
#1030 = DIRECTION ( 'NONE',  ( 0.000000000000000000, 0.000000000000000000, 1.000000000000000000 ) ) ;
#1031 = ORIENTED_EDGE ( 'NONE', *, *, #314, .F. ) ;
#1032 = EDGE_LOOP ( 'NONE', ( #171, #571, #1234, #965 ) ) ;
#1033 = CYLINDRICAL_SURFACE ( 'NONE', #214, 28.50000000000000000 ) ;
#1034 = CIRCLE ( 'NONE', #1073, 3.250000000000000888 ) ;
#1035 = DIRECTION ( 'NONE',  ( 1.000000000000000000, 0.000000000000000000, 0.000000000000000000 ) ) ;
#1036 = CARTESIAN_POINT ( 'NONE',  ( -3.210202377665420048, 33.34583333333313959, 13.69999999999999929 ) ) ;
#1037 = EDGE_LOOP ( 'NONE', ( #760, #136, #1642, #1204 ) ) ;
#1038 = CIRCLE ( 'NONE', #342, 32.50000000000000000 ) ;
#1039 = EDGE_LOOP ( 'NONE', ( #1596, #1249, #1228, #1662, #1871, #88, #141, #810, #334, #1459, #813, #227, #260, #97, #147, #724, #1553, #995, #354, #1475 ) ) ;
#1040 = DIRECTION ( 'NONE',  ( 1.000000000000000000, -1.776356839400243562E-15, 0.000000000000000000 ) ) ;
#1041 = VERTEX_POINT ( 'NONE', #685 ) ;
#1042 = ORIENTED_EDGE ( 'NONE', *, *, #106, .F. ) ;
#1043 = DIRECTION ( 'NONE',  ( 0.000000000000000000, 0.000000000000000000, 1.000000000000000000 ) ) ;
#1044 = CARTESIAN_POINT ( 'NONE',  ( 3.250000000004394263, -37.50000000000000711, 7.700000000000000178 ) ) ;
#1045 = CARTESIAN_POINT ( 'NONE',  ( 37.50000000000106581, 1.058925465394946370E-12, 2.700000000000000178 ) ) ;
#1046 = EDGE_CURVE ( 'NONE', #1357, #306, #1861, .T. ) ;
#1047 = VERTEX_POINT ( 'NONE', #551 ) ;
#1048 = ORIENTED_EDGE ( 'NONE', *, *, #923, .T. ) ;
#1049 = FACE_OUTER_BOUND ( 'NONE', #1136, .T. ) ;
#1050 = VERTEX_POINT ( 'NONE', #1413 ) ;
#1051 = VERTEX_POINT ( 'NONE', #568 ) ;
#1052 = DIRECTION ( 'NONE',  ( -0.000000000000000000, -0.000000000000000000, -1.000000000000000000 ) ) ;
#1053 = AXIS2_PLACEMENT_3D ( 'NONE', #501, #946, #1381 ) ;
#1054 = CARTESIAN_POINT ( 'NONE',  ( 0.000000000000000000, 0.000000000000000000, 0.000000000000000000 ) ) ;
#1055 = DIRECTION ( 'NONE',  ( 1.000000000000000000, 0.000000000000000000, 0.000000000000000000 ) ) ;
#1056 = ORIENTED_EDGE ( 'NONE', *, *, #558, .T. ) ;
#1057 = CIRCLE ( 'NONE', #235, 17.00000000000000000 ) ;
#1058 = ADVANCED_FACE ( 'NONE', ( #258 ), #705, .F. ) ;
#1059 = VECTOR ( 'NONE', #893, 1000.000000000000000 ) ;
#1060 = CIRCLE ( 'NONE', #1852, 10.00000000000000178 ) ;
#1061 = EDGE_CURVE ( 'NONE', #871, #1334, #1038, .T. ) ;
#1062 = CIRCLE ( 'NONE', #240, 32.50000000000000000 ) ;
#1063 = ORIENTED_EDGE ( 'NONE', *, *, #489, .F. ) ;
#1064 = EDGE_CURVE ( 'NONE', #11, #933, #1732, .T. ) ;
#1065 = CYLINDRICAL_SURFACE ( 'NONE', #1304, 9.999999999999994671 ) ;
#1066 = ORIENTED_EDGE ( 'NONE', *, *, #934, .F. ) ;
#1067 = ORIENTED_EDGE ( 'NONE', *, *, #1677, .T. ) ;
#1068 = FACE_OUTER_BOUND ( 'NONE', #1474, .T. ) ;
#1069 = CARTESIAN_POINT ( 'NONE',  ( -5.119490925901214240, -38.66331967213037046, 7.700000000000000178 ) ) ;
#1070 = VERTEX_POINT ( 'NONE', #1267 ) ;
#1071 = DIRECTION ( 'NONE',  ( 0.000000000000000000, 0.000000000000000000, 1.000000000000000000 ) ) ;
#1072 = AXIS2_PLACEMENT_3D ( 'NONE', #1736, #467, #591 ) ;
#1073 = AXIS2_PLACEMENT_3D ( 'NONE', #1076, #53, #65 ) ;
#1074 = EDGE_CURVE ( 'NONE', #1100, #368, #1556, .T. ) ;
#1075 = EDGE_LOOP ( 'NONE', ( #1081, #1428, #623, #1603 ) ) ;
#1076 = CARTESIAN_POINT ( 'NONE',  ( 0.000000000000000000, 37.50000000000000711, 2.700000000000000178 ) ) ;
#1077 = CARTESIAN_POINT ( 'NONE',  ( 18.00000000000000000, 0.000000000000000000, 5.500000000000005329 ) ) ;
#1078 = DIRECTION ( 'NONE',  ( -0.000000000000000000, -0.000000000000000000, 1.000000000000000000 ) ) ;
#1079 = CYLINDRICAL_SURFACE ( 'NONE', #363, 32.50000000000000000 ) ;
#1080 = DIRECTION ( 'NONE',  ( -0.000000000000000000, -0.000000000000000000, 1.000000000000000000 ) ) ;
#1081 = ORIENTED_EDGE ( 'NONE', *, *, #1064, .T. ) ;
#1082 = FACE_OUTER_BOUND ( 'NONE', #276, .T. ) ;
#1083 = ORIENTED_EDGE ( 'NONE', *, *, #838, .F. ) ;
#1084 = DIRECTION ( 'NONE',  ( -0.000000000000000000, 0.000000000000000000, 1.000000000000000000 ) ) ;
#1085 = CARTESIAN_POINT ( 'NONE',  ( 0.000000000000000000, 0.000000000000000000, 7.700000000000000178 ) ) ;
#1086 = CARTESIAN_POINT ( 'NONE',  ( 0.000000000000000000, 0.000000000000000000, 7.700000000000000178 ) ) ;
#1087 =( LENGTH_UNIT ( ) NAMED_UNIT ( * ) SI_UNIT ( .MILLI., .METRE. ) );
#1088 = ORIENTED_EDGE ( 'NONE', *, *, #119, .F. ) ;
#1089 = CARTESIAN_POINT ( 'NONE',  ( -3.250000000000000888, 37.50000000000000711, 2.700000000000000178 ) ) ;
#1090 = CARTESIAN_POINT ( 'NONE',  ( -37.49999999999894840, -1.063517890891748976E-12, 2.700000000000000178 ) ) ;
#1091 = PRESENTATION_LAYER_ASSIGNMENT (  '', '', ( #1696 ) ) ;
#1092 = VECTOR ( 'NONE', #839, 1000.000000000000000 ) ;
#1093 = AXIS2_PLACEMENT_3D ( 'NONE', #1190, #1748, #1055 ) ;
#1094 = ORIENTED_EDGE ( 'NONE', *, *, #1549, .F. ) ;
#1095 = VERTEX_POINT ( 'NONE', #1559 ) ;
#1096 = LINE ( 'NONE', #365, #270 ) ;
#1097 = FACE_OUTER_BOUND ( 'NONE', #1464, .T. ) ;
#1098 = DIRECTION ( 'NONE',  ( 0.000000000000000000, 0.000000000000000000, 1.000000000000000000 ) ) ;
#1099 = ADVANCED_FACE ( 'NONE', ( #274, #1440 ), #1008, .T. ) ;
#1100 = VERTEX_POINT ( 'NONE', #692 ) ;
#1101 = LINE ( 'NONE', #1089, #785 ) ;
#1102 = CARTESIAN_POINT ( 'NONE',  ( 28.50000000000000000, 3.490243377569956456E-15, 4.500000000000000000 ) ) ;
#1103 = EDGE_CURVE ( 'NONE', #431, #92, #1611, .T. ) ;
#1104 = AXIS2_PLACEMENT_3D ( 'NONE', #1231, #679, #521 ) ;
#1105 = EDGE_LOOP ( 'NONE', ( #1056, #765, #197, #1767 ) ) ;
#1106 = DIRECTION ( 'NONE',  ( 1.000000000000000000, 0.000000000000000000, 0.000000000000000000 ) ) ;
#1107 = VERTEX_POINT ( 'NONE', #1879 ) ;
#1108 = DIRECTION ( 'NONE',  ( -0.000000000000000000, -0.000000000000000000, -1.000000000000000000 ) ) ;
#1109 = EDGE_CURVE ( 'NONE', #1107, #306, #1287, .T. ) ;
#1110 = CARTESIAN_POINT ( 'NONE',  ( 0.000000000000000000, 0.000000000000000000, 5.500000000000005329 ) ) ;
#1111 = ADVANCED_FACE ( 'NONE', ( #698, #1295 ), #1129, .T. ) ;
#1112 = CARTESIAN_POINT ( 'NONE',  ( 0.000000000000000000, 37.50000000000000711, 2.700000000000000178 ) ) ;
#1113 = ORIENTED_EDGE ( 'NONE', *, *, #1797, .F. ) ;
#1114 = EDGE_LOOP ( 'NONE', ( #1784, #1480, #469, #914 ) ) ;
#1115 = DIRECTION ( 'NONE',  ( 1.000000000000000000, 0.000000000000000000, 0.000000000000000000 ) ) ;
#1116 = DIRECTION ( 'NONE',  ( 1.000000000000000000, 0.000000000000000000, 0.000000000000000000 ) ) ;
#1117 = ADVANCED_FACE ( 'NONE', ( #1710 ), #557, .T. ) ;
#1118 = AXIS2_PLACEMENT_3D ( 'NONE', #710, #1577, #1585 ) ;
#1119 = ADVANCED_FACE ( 'NONE', ( #1028 ), #1599, .F. ) ;
#1120 = VECTOR ( 'NONE', #1626, 1000.000000000000000 ) ;
#1121 = CIRCLE ( 'NONE', #1021, 6.250000000000003553 ) ;
#1122 = CIRCLE ( 'NONE', #1179, 6.250000000000005329 ) ;
#1123 = SURFACE_STYLE_FILL_AREA ( #1266 ) ;
#1124 = CYLINDRICAL_SURFACE ( 'NONE', #1306, 28.50000000000000000 ) ;
#1125 = CARTESIAN_POINT ( 'NONE',  ( -38.66331967212897069, -5.119490925906680090, 2.700000000000000178 ) ) ;
#1126 = DIRECTION ( 'NONE',  ( 0.000000000000000000, 0.000000000000000000, 1.000000000000000000 ) ) ;
#1127 = CIRCLE ( 'NONE', #545, 5.249999999999982236 ) ;
#1128 = DIRECTION ( 'NONE',  ( 1.000000000000000000, 0.000000000000000000, 0.000000000000000000 ) ) ;
#1129 = PLANE ( 'NONE',  #1707 ) ;
#1130 = DIRECTION ( 'NONE',  ( 1.000000000000000000, 0.000000000000000000, 0.000000000000000000 ) ) ;
#1131 = LINE ( 'NONE', #695, #563 ) ;
#1132 = EDGE_CURVE ( 'NONE', #1519, #306, #390, .T. ) ;
#1133 = CARTESIAN_POINT ( 'NONE',  ( 6.707262402719075364E-13, -37.49999999999894840, 7.700000000000000178 ) ) ;
#1134 = CARTESIAN_POINT ( 'NONE',  ( 2.117850930789892740E-12, -37.50000000000000711, 7.700000000000000178 ) ) ;
#1135 = DIRECTION ( 'NONE',  ( -1.000000000000000000, 0.000000000000000000, 0.000000000000000000 ) ) ;
#1136 = EDGE_LOOP ( 'NONE', ( #1339, #63, #1020, #767 ) ) ;
#1137 = CYLINDRICAL_SURFACE ( 'NONE', #754, 6.250000000000003553 ) ;
#1138 = CIRCLE ( 'NONE', #1632, 32.50000000000000000 ) ;
#1139 = AXIS2_PLACEMENT_3D ( 'NONE', #1560, #860, #986 ) ;
#1140 = DIRECTION ( 'NONE',  ( 1.000000000000000000, 0.000000000000000000, 0.000000000000000000 ) ) ;
#1141 = CIRCLE ( 'NONE', #1848, 10.00000000000000178 ) ;
#1142 = DIRECTION ( 'NONE',  ( 1.000000000000000000, 0.000000000000000000, 0.000000000000000000 ) ) ;
#1143 = AXIS2_PLACEMENT_3D ( 'NONE', #286, #434, #1617 ) ;
#1144 = CARTESIAN_POINT ( 'NONE',  ( 42.75000000000105871, 3.250686727208986112E-12, 2.700000000000000178 ) ) ;
#1145 = VERTEX_POINT ( 'NONE', #601 ) ;
#1146 = ORIENTED_EDGE ( 'NONE', *, *, #572, .T. ) ;
#1147 = ADVANCED_FACE ( 'NONE', ( #1610, #148 ), #1317, .T. ) ;
#1148 = DIRECTION ( 'NONE',  ( -0.000000000000000000, 0.000000000000000000, -1.000000000000000000 ) ) ;
#1149 = EDGE_CURVE ( 'NONE', #92, #1519, #1305, .T. ) ;
#1150 = LINE ( 'NONE', #1734, #82 ) ;
#1151 = AXIS2_PLACEMENT_3D ( 'NONE', #1543, #226, #672 ) ;
#1152 = DIRECTION ( 'NONE',  ( -0.000000000000000000, -0.000000000000000000, -1.000000000000000000 ) ) ;
#1153 = AXIS2_PLACEMENT_3D ( 'NONE', #844, #108, #1572 ) ;
#1154 = DIRECTION ( 'NONE',  ( 0.000000000000000000, 0.000000000000000000, 1.000000000000000000 ) ) ;
#1155 = ORIENTED_EDGE ( 'NONE', *, *, #279, .T. ) ;
#1156 = ORIENTED_EDGE ( 'NONE', *, *, #819, .F. ) ;
#1157 = DIRECTION ( 'NONE',  ( 1.000000000000000000, 0.000000000000000000, 0.000000000000000000 ) ) ;
#1158 = CARTESIAN_POINT ( 'NONE',  ( -3.486021191846853551, -32.31249999999991473, -86.89355146836109611 ) ) ;
#1159 = EDGE_CURVE ( 'NONE', #620, #70, #597, .T. ) ;
#1160 = ORIENTED_EDGE ( 'NONE', *, *, #1404, .T. ) ;
#1161 = DIRECTION ( 'NONE',  ( 1.000000000000000000, 0.000000000000000000, 0.000000000000000000 ) ) ;
#1162 = CARTESIAN_POINT ( 'NONE',  ( 0.000000000000000000, 0.000000000000000000, 7.700000000000000178 ) ) ;
#1163 = VERTEX_POINT ( 'NONE', #1171 ) ;
#1164 = EDGE_LOOP ( 'NONE', ( #1762, #284, #22, #1513 ) ) ;
#1165 = DIRECTION ( 'NONE',  ( 1.000000000000000000, 0.000000000000000000, 0.000000000000000000 ) ) ;
#1166 = DIRECTION ( 'NONE',  ( 0.000000000000000000, 0.000000000000000000, 1.000000000000000000 ) ) ;
#1167 = LINE ( 'NONE', #5, #1273 ) ;
#1168 = ORIENTED_EDGE ( 'NONE', *, *, #295, .F. ) ;
#1169 = EDGE_CURVE ( 'NONE', #1608, #523, #1472, .T. ) ;
#1170 = ORIENTED_EDGE ( 'NONE', *, *, #1797, .T. ) ;
#1171 = CARTESIAN_POINT ( 'NONE',  ( 11.45230400338433974, -31.48165708812145169, 7.700000000000000178 ) ) ;
#1172 = AXIS2_PLACEMENT_3D ( 'NONE', #638, #54, #494 ) ;
#1173 = EDGE_CURVE ( 'NONE', #796, #491, #1788, .T. ) ;
#1174 = CIRCLE ( 'NONE', #262, 5.249999999999991118 ) ;
#1175 = LINE ( 'NONE', #1635, #1702 ) ;
#1176 = ORIENTED_EDGE ( 'NONE', *, *, #1297, .F. ) ;
#1177 = ORIENTED_EDGE ( 'NONE', *, *, #45, .F. ) ;
#1178 = DIRECTION ( 'NONE',  ( -1.000000000000000000, 0.000000000000000000, 0.000000000000000000 ) ) ;
#1179 = AXIS2_PLACEMENT_3D ( 'NONE', #72, #1844, #798 ) ;
#1180 = DIRECTION ( 'NONE',  ( 1.000000000000000000, 0.000000000000000000, 0.000000000000000000 ) ) ;
#1181 = DIRECTION ( 'NONE',  ( 1.000000000000000000, 0.000000000000000000, 0.000000000000000000 ) ) ;
#1182 = ORIENTED_EDGE ( 'NONE', *, *, #326, .T. ) ;
#1183 = DIRECTION ( 'NONE',  ( 0.000000000000000000, 0.000000000000000000, 1.000000000000000000 ) ) ;
#1184 = DIRECTION ( 'NONE',  ( 0.000000000000000000, 0.000000000000000000, 1.000000000000000000 ) ) ;
#1185 = VERTEX_POINT ( 'NONE', #1461 ) ;
#1186 = ORIENTED_EDGE ( 'NONE', *, *, #326, .F. ) ;
#1187 = CARTESIAN_POINT ( 'NONE',  ( -17.00000000000000000, 2.081899558550499885E-15, 4.500000000000000000 ) ) ;
#1188 = CIRCLE ( 'NONE', #340, 33.50000000000000000 ) ;
#1189 = CARTESIAN_POINT ( 'NONE',  ( -31.48165708812252106, -11.45230400338138388, 2.700000000000000178 ) ) ;
#1190 = CARTESIAN_POINT ( 'NONE',  ( 2.117850930789892740E-12, -37.50000000000000711, 7.700000000000000178 ) ) ;
#1191 = VERTEX_POINT ( 'NONE', #1742 ) ;
#1192 = EDGE_LOOP ( 'NONE', ( #505, #483, #1186, #887 ) ) ;
#1193 = VERTEX_POINT ( 'NONE', #20 ) ;
#1194 = EDGE_CURVE ( 'NONE', #945, #1483, #132, .T. ) ;
#1195 = CARTESIAN_POINT ( 'NONE',  ( 5.119490925910139545, -38.66331967212919096, 7.700000000000000178 ) ) ;
#1196 = ORIENTED_EDGE ( 'NONE', *, *, #106, .T. ) ;
#1197 = EDGE_LOOP ( 'NONE', ( #374, #473 ) ) ;
#1198 = LINE ( 'NONE', #1604, #1576 ) ;
#1199 = CYLINDRICAL_SURFACE ( 'NONE', #362, 6.250000000000005329 ) ;
#1200 = FACE_OUTER_BOUND ( 'NONE', #231, .T. ) ;
#1201 = EDGE_CURVE ( 'NONE', #358, #1835, #1668, .T. ) ;
#1202 = ORIENTED_EDGE ( 'NONE', *, *, #435, .F. ) ;
#1203 = EDGE_CURVE ( 'NONE', #1509, #1693, #1398, .T. ) ;
#1204 = ORIENTED_EDGE ( 'NONE', *, *, #1414, .F. ) ;
#1205 = CARTESIAN_POINT ( 'NONE',  ( 0.000000000000000000, 0.000000000000000000, 7.700000000000000178 ) ) ;
#1206 = VERTEX_POINT ( 'NONE', #1561 ) ;
#1207 = ORIENTED_EDGE ( 'NONE', *, *, #1690, .T. ) ;
#1208 = FACE_OUTER_BOUND ( 'NONE', #1027, .T. ) ;
#1209 = LINE ( 'NONE', #905, #110 ) ;
#1210 = AXIS2_PLACEMENT_3D ( 'NONE', #726, #1890, #745 ) ;
#1211 = VERTEX_POINT ( 'NONE', #433 ) ;
#1212 = AXIS2_PLACEMENT_3D ( 'NONE', #981, #275, #1263 ) ;
#1213 = CYLINDRICAL_SURFACE ( 'NONE', #1397, 33.50000000000000000 ) ;
#1214 = ADVANCED_FACE ( 'NONE', ( #1714, #854 ), #982, .T. ) ;
#1215 = VECTOR ( 'NONE', #159, 1000.000000000000000 ) ;
#1216 = AXIS2_PLACEMENT_3D ( 'NONE', #105, #1255, #1409 ) ;
#1217 = CIRCLE ( 'NONE', #1643, 33.50000000000000000 ) ;
#1218 = ORIENTED_EDGE ( 'NONE', *, *, #1597, .T. ) ;
#1219 = DIRECTION ( 'NONE',  ( 0.000000000000000000, 0.000000000000000000, 1.000000000000000000 ) ) ;
#1220 = ORIENTED_EDGE ( 'NONE', *, *, #1270, .T. ) ;
#1221 = FACE_OUTER_BOUND ( 'NONE', #123, .T. ) ;
#1222 = CARTESIAN_POINT ( 'NONE',  ( -40.87916666666654919, -14.87090221334598894, 7.700000000000000178 ) ) ;
#1223 = ORIENTED_EDGE ( 'NONE', *, *, #985, .T. ) ;
#1224 = DIRECTION ( 'NONE',  ( -1.000000000000000000, 0.000000000000000000, 0.000000000000000000 ) ) ;
#1225 = AXIS2_PLACEMENT_3D ( 'NONE', #772, #1351, #42 ) ;
#1226 = CIRCLE ( 'NONE', #1650, 17.00000000000000000 ) ;
#1227 = EDGE_CURVE ( 'NONE', #491, #1193, #409, .T. ) ;
#1228 = ORIENTED_EDGE ( 'NONE', *, *, #1347, .T. ) ;
#1229 = DIRECTION ( 'NONE',  ( -0.000000000000000000, 0.000000000000000000, 1.000000000000000000 ) ) ;
#1230 = ORIENTED_EDGE ( 'NONE', *, *, #1869, .T. ) ;
#1231 = CARTESIAN_POINT ( 'NONE',  ( 0.000000000000000000, 0.000000000000000000, 7.700000000000000178 ) ) ;
#1232 = DIRECTION ( 'NONE',  ( 1.000000000000000000, 0.000000000000000000, 0.000000000000000000 ) ) ;
#1233 = DIRECTION ( 'NONE',  ( -0.000000000000000000, -0.000000000000000000, 1.000000000000000000 ) ) ;
#1234 = ORIENTED_EDGE ( 'NONE', *, *, #93, .T. ) ;
#1235 = FACE_OUTER_BOUND ( 'NONE', #1192, .T. ) ;
#1236 = CARTESIAN_POINT ( 'NONE',  ( 0.000000000000000000, 37.50000000000000711, 7.700000000000000178 ) ) ;
#1237 = EDGE_LOOP ( 'NONE', ( #1602, #1744 ) ) ;
#1238 = EDGE_CURVE ( 'NONE', #408, #1145, #1131, .T. ) ;
#1239 = ORIENTED_EDGE ( 'NONE', *, *, #829, .T. ) ;
#1240 = DIRECTION ( 'NONE',  ( 1.000000000000000000, 0.000000000000000000, 0.000000000000000000 ) ) ;
#1241 = DIRECTION ( 'NONE',  ( 1.000000000000000000, 0.000000000000000000, 0.000000000000000000 ) ) ;
#1242 = EDGE_CURVE ( 'NONE', #1349, #588, #269, .T. ) ;
#1243 = VERTEX_POINT ( 'NONE', #1591 ) ;
#1244 = DIRECTION ( 'NONE',  ( 0.000000000000000000, 0.000000000000000000, -1.000000000000000000 ) ) ;
#1245 = DIRECTION ( 'NONE',  ( -0.000000000000000000, 0.000000000000000000, 1.000000000000000000 ) ) ;
#1246 = MECHANICAL_DESIGN_GEOMETRIC_PRESENTATION_REPRESENTATION (  '', ( #1696 ), #1017 ) ;
#1247 = VECTOR ( 'NONE', #889, 1000.000000000000000 ) ;
#1248 = AXIS2_PLACEMENT_3D ( 'NONE', #660, #1675, #1659 ) ;
#1249 = ORIENTED_EDGE ( 'NONE', *, *, #1314, .T. ) ;
#1250 = CARTESIAN_POINT ( 'NONE',  ( 0.000000000000000000, 0.000000000000000000, 7.700000000000000178 ) ) ;
#1251 = CARTESIAN_POINT ( 'NONE',  ( 3.250000000004394263, -37.50000000000000711, 2.700000000000000178 ) ) ;
#1252 = DIRECTION ( 'NONE',  ( 1.000000000000000000, 0.000000000000000000, 0.000000000000000000 ) ) ;
#1253 = ORIENTED_EDGE ( 'NONE', *, *, #1242, .F. ) ;
#1254 = DIRECTION ( 'NONE',  ( 0.000000000000000000, 0.000000000000000000, 1.000000000000000000 ) ) ;
#1255 = DIRECTION ( 'NONE',  ( -0.000000000000000000, -0.000000000000000000, 1.000000000000000000 ) ) ;
#1256 = VECTOR ( 'NONE', #1078, 1000.000000000000000 ) ;
#1257 = AXIS2_PLACEMENT_3D ( 'NONE', #1390, #947, #234 ) ;
#1258 = ORIENTED_EDGE ( 'NONE', *, *, #388, .T. ) ;
#1259 = CARTESIAN_POINT ( 'NONE',  ( 0.000000000000000000, 0.000000000000000000, 0.000000000000000000 ) ) ;
#1260 = DIRECTION ( 'NONE',  ( -0.000000000000000000, -0.000000000000000000, 1.000000000000000000 ) ) ;
#1261 = EDGE_CURVE ( 'NONE', #1193, #1095, #630, .T. ) ;
#1262 = EDGE_LOOP ( 'NONE', ( #931, #653, #770, #161 ) ) ;
#1263 = DIRECTION ( 'NONE',  ( 1.000000000000000000, 0.000000000000000000, 0.000000000000000000 ) ) ;
#1264 = EDGE_CURVE ( 'NONE', #186, #953, #1752, .T. ) ;
#1265 = CARTESIAN_POINT ( 'NONE',  ( 37.49999999999894840, 1.063517890891748976E-12, 5.500000000000005329 ) ) ;
#1266 = FILL_AREA_STYLE ('',( #520 ) ) ;
#1267 = CARTESIAN_POINT ( 'NONE',  ( -3.486021191848245326, 32.31249999999977263, 5.500000000000005329 ) ) ;
#1268 = DIRECTION ( 'NONE',  ( 0.000000000000000000, 0.000000000000000000, 1.000000000000000000 ) ) ;
#1269 = DIRECTION ( 'NONE',  ( 1.000000000000000000, 0.000000000000000000, 0.000000000000000000 ) ) ;
#1270 = EDGE_CURVE ( 'NONE', #1357, #1481, #1290, .T. ) ;
#1271 = AXIS2_PLACEMENT_3D ( 'NONE', #549, #670, #405 ) ;
#1272 = AXIS2_PLACEMENT_3D ( 'NONE', #1016, #294, #879 ) ;
#1273 = VECTOR ( 'NONE', #1761, 1000.000000000000000 ) ;
#1274 = SURFACE_STYLE_USAGE ( .BOTH. , #1389 ) ;
#1275 = CARTESIAN_POINT ( 'NONE',  ( 0.000000000000000000, 0.000000000000000000, 2.700000000000000178 ) ) ;
#1276 = CARTESIAN_POINT ( 'NONE',  ( 6.707262402719075364E-13, -37.49999999999894840, 13.70000000000000462 ) ) ;
#1277 = CARTESIAN_POINT ( 'NONE',  ( -37.49999999999894840, -1.063517890891748976E-12, 7.700000000000000178 ) ) ;
#1278 = ADVANCED_FACE ( 'NONE', ( #555, #1301 ), #1859, .T. ) ;
#1279 = CIRCLE ( 'NONE', #1376, 33.50000000000000000 ) ;
#1280 = DIRECTION ( 'NONE',  ( 0.000000000000000000, 0.000000000000000000, 1.000000000000000000 ) ) ;
#1281 = DIRECTION ( 'NONE',  ( 1.000000000000000000, 0.000000000000000000, -0.000000000000000000 ) ) ;
#1282 = CARTESIAN_POINT ( 'NONE',  ( 0.000000000000000000, 0.000000000000000000, 7.700000000000000178 ) ) ;
#1283 = ORIENTED_EDGE ( 'NONE', *, *, #398, .T. ) ;
#1284 = DIRECTION ( 'NONE',  ( -0.000000000000000000, 0.000000000000000000, 1.000000000000000000 ) ) ;
#1285 = DIRECTION ( 'NONE',  ( 0.000000000000000000, 0.000000000000000000, 1.000000000000000000 ) ) ;
#1286 = EDGE_CURVE ( 'NONE', #1623, #715, #1697, .T. ) ;
#1287 = LINE ( 'NONE', #127, #68 ) ;
#1288 = DIRECTION ( 'NONE',  ( 0.000000000000000000, 0.000000000000000000, 1.000000000000000000 ) ) ;
#1289 = ORIENTED_EDGE ( 'NONE', *, *, #1132, .F. ) ;
#1290 = LINE ( 'NONE', #1873, #170 ) ;
#1291 = VECTOR ( 'NONE', #364, 1000.000000000000000 ) ;
#1292 = AXIS2_PLACEMENT_3D ( 'NONE', #1441, #686, #1115 ) ;
#1293 = FACE_OUTER_BOUND ( 'NONE', #673, .T. ) ;
#1294 = AXIS2_PLACEMENT_3D ( 'NONE', #25, #606, #462 ) ;
#1295 = FACE_OUTER_BOUND ( 'NONE', #1490, .T. ) ;
#1296 = AXIS2_PLACEMENT_3D ( 'NONE', #1090, #1126, #229 ) ;
#1297 = EDGE_CURVE ( 'NONE', #179, #1442, #50, .T. ) ;
#1298 = CARTESIAN_POINT ( 'NONE',  ( 37.50000000000106581, 3.250686727208986112E-12, 2.700000000000000178 ) ) ;
#1299 = ORIENTED_EDGE ( 'NONE', *, *, #949, .F. ) ;
#1300 = EDGE_LOOP ( 'NONE', ( #1809, #1308 ) ) ;
#1301 = FACE_BOUND ( 'NONE', #237, .T. ) ;
#1302 = CARTESIAN_POINT ( 'NONE',  ( -7.435451106672820387, 20.43958333333333854, 2.700000000000000178 ) ) ;
#1303 = CARTESIAN_POINT ( 'NONE',  ( 14.87090221334981521, -40.87916666666517074, 2.700000000000000178 ) ) ;
#1304 = AXIS2_PLACEMENT_3D ( 'NONE', #935, #1219, #621 ) ;
#1305 = LINE ( 'NONE', #9, #1423 ) ;
#1306 = AXIS2_PLACEMENT_3D ( 'NONE', #1715, #535, #1434 ) ;
#1307 = DIRECTION ( 'NONE',  ( -1.000000000000000000, 0.000000000000000000, 0.000000000000000000 ) ) ;
#1308 = ORIENTED_EDGE ( 'NONE', *, *, #1014, .F. ) ;
#1309 = ORIENTED_EDGE ( 'NONE', *, *, #118, .F. ) ;
#1310 = DIRECTION ( 'NONE',  ( 0.000000000000000000, 0.000000000000000000, 1.000000000000000000 ) ) ;
#1311 = CARTESIAN_POINT ( 'NONE',  ( -37.49999999999894840, -1.063517890891748976E-12, 13.70000000000000462 ) ) ;
#1312 = ORIENTED_EDGE ( 'NONE', *, *, #758, .T. ) ;
#1313 = PRODUCT_DEFINITION_CONTEXT ( 'detailed design', #302, 'design' ) ;
#1314 = EDGE_CURVE ( 'NONE', #1330, #1800, #997, .T. ) ;
#1315 = ADVANCED_FACE ( 'NONE', ( #719 ), #1137, .T. ) ;
#1316 = EDGE_LOOP ( 'NONE', ( #728, #1718, #1637, #1066 ) ) ;
#1317 = PLANE ( 'NONE',  #969 ) ;
#1318 = DIRECTION ( 'NONE',  ( 1.000000000000000000, 0.000000000000000000, 0.000000000000000000 ) ) ;
#1319 = EDGE_LOOP ( 'NONE', ( #1805, #817, #439, #1864 ) ) ;
#1320 = ORIENTED_EDGE ( 'NONE', *, *, #1661, .F. ) ;
#1321 = PLANE ( 'NONE',  #1731 ) ;
#1322 = DIRECTION ( 'NONE',  ( 0.000000000000000000, 0.000000000000000000, 1.000000000000000000 ) ) ;
#1323 = CYLINDRICAL_SURFACE ( 'NONE', #1486, 5.249999999999997335 ) ;
#1324 = ORIENTED_EDGE ( 'NONE', *, *, #1774, .F. ) ;
#1325 = CARTESIAN_POINT ( 'NONE',  ( 0.000000000000000000, 0.000000000000000000, 7.700000000000000178 ) ) ;
#1326 = CIRCLE ( 'NONE', #1750, 33.50000000000000000 ) ;
#1327 = AXIS2_PLACEMENT_3D ( 'NONE', #590, #447, #139 ) ;
#1328 = CARTESIAN_POINT ( 'NONE',  ( -18.00000000000000000, 2.204364238465235428E-15, -86.89355146836109611 ) ) ;
#1329 = ORIENTED_EDGE ( 'NONE', *, *, #1549, .T. ) ;
#1330 = VERTEX_POINT ( 'NONE', #278 ) ;
#1331 = DIRECTION ( 'NONE',  ( 0.000000000000000000, 0.000000000000000000, 1.000000000000000000 ) ) ;
#1332 = CARTESIAN_POINT ( 'NONE',  ( 32.31249999999975842, 3.486021191848353684, 13.69999999999999929 ) ) ;
#1333 = DIRECTION ( 'NONE',  ( -0.000000000000000000, 0.000000000000000000, -1.000000000000000000 ) ) ;
#1334 = VERTEX_POINT ( 'NONE', #1739 ) ;
#1335 = EDGE_CURVE ( 'NONE', #1346, #657, #510, .T. ) ;
#1336 = ORIENTED_EDGE ( 'NONE', *, *, #921, .T. ) ;
#1337 = EDGE_CURVE ( 'NONE', #1778, #1047, #1570, .T. ) ;
#1338 = CARTESIAN_POINT ( 'NONE',  ( 0.000000000000000000, 0.000000000000000000, 13.69999999999999929 ) ) ;
#1339 = ORIENTED_EDGE ( 'NONE', *, *, #1690, .F. ) ;
#1340 = ORIENTED_EDGE ( 'NONE', *, *, #587, .T. ) ;
#1341 = DIRECTION ( 'NONE',  ( 0.000000000000000000, 0.000000000000000000, 1.000000000000000000 ) ) ;
#1342 = CIRCLE ( 'NONE', #1530, 9.999999999999998224 ) ;
#1343 = FACE_OUTER_BOUND ( 'NONE', #824, .T. ) ;
#1344 = DIRECTION ( 'NONE',  ( 1.000000000000000000, 0.000000000000000000, 0.000000000000000000 ) ) ;
#1345 = ORIENTED_EDGE ( 'NONE', *, *, #1713, .F. ) ;
#1346 = VERTEX_POINT ( 'NONE', #143 ) ;
#1347 = EDGE_CURVE ( 'NONE', #1800, #1003, #1826, .T. ) ;
#1348 = CARTESIAN_POINT ( 'NONE',  ( -38.66331967212926202, 5.119490925904487177, 7.700000000000000178 ) ) ;
#1349 = VERTEX_POINT ( 'NONE', #1189 ) ;
#1350 = ORIENTED_EDGE ( 'NONE', *, *, #38, .T. ) ;
#1351 = DIRECTION ( 'NONE',  ( -0.000000000000000000, -0.000000000000000000, -1.000000000000000000 ) ) ;
#1352 = CARTESIAN_POINT ( 'NONE',  ( 37.50000000000106581, 3.250686727208986112E-12, 7.700000000000000178 ) ) ;
#1353 = VERTEX_POINT ( 'NONE', #1498 ) ;
#1354 = EDGE_CURVE ( 'NONE', #1206, #610, #1141, .T. ) ;
#1355 = ORIENTED_EDGE ( 'NONE', *, *, #656, .F. ) ;
#1356 = CARTESIAN_POINT ( 'NONE',  ( 31.48165708812353358, -11.45230400337860566, 2.700000000000000178 ) ) ;
#1357 = VERTEX_POINT ( 'NONE', #347 ) ;
#1358 = DIRECTION ( 'NONE',  ( -1.000000000000000000, 0.000000000000000000, -0.000000000000000000 ) ) ;
#1359 = AXIS2_PLACEMENT_3D ( 'NONE', #1688, #1663, #1537 ) ;
#1360 = CARTESIAN_POINT ( 'NONE',  ( 32.31249999999975842, 3.486021191848353684, -86.89355146836109611 ) ) ;
#1361 = EDGE_CURVE ( 'NONE', #613, #1041, #312, .T. ) ;
#1362 = AXIS2_PLACEMENT_3D ( 'NONE', #1616, #884, #322 ) ;
#1363 = ORIENTED_EDGE ( 'NONE', *, *, #838, .T. ) ;
#1364 = AXIS2_PLACEMENT_3D ( 'NONE', #1717, #994, #1130 ) ;
#1365 = DIRECTION ( 'NONE',  ( -1.000000000000000000, 0.000000000000000000, 0.000000000000000000 ) ) ;
#1366 = VECTOR ( 'NONE', #906, 1000.000000000000000 ) ;
#1367 = VERTEX_POINT ( 'NONE', #763 ) ;
#1368 = DIRECTION ( 'NONE',  ( 1.000000000000000000, 0.000000000000000000, 0.000000000000000000 ) ) ;
#1369 = CARTESIAN_POINT ( 'NONE',  ( 17.00000000000000000, 0.000000000000000000, 0.000000000000000000 ) ) ;
#1370 = DIRECTION ( 'NONE',  ( -0.000000000000000000, -0.000000000000000000, 1.000000000000000000 ) ) ;
#1371 = CARTESIAN_POINT ( 'NONE',  ( -3.250000000000000888, 37.50000000000000711, 7.700000000000000178 ) ) ;
#1372 = SHAPE_DEFINITION_REPRESENTATION ( #532, #255 ) ;
#1373 = EDGE_LOOP ( 'NONE', ( #1654, #775, #175, #277 ) ) ;
#1374 = DIRECTION ( 'NONE',  ( 1.000000000000000000, 0.000000000000000000, 0.000000000000000000 ) ) ;
#1375 = AXIS2_PLACEMENT_3D ( 'NONE', #1298, #430, #1601 ) ;
#1376 = AXIS2_PLACEMENT_3D ( 'NONE', #461, #1341, #470 ) ;
#1377 = LINE ( 'NONE', #655, #1851 ) ;
#1378 = AXIS2_PLACEMENT_3D ( 'NONE', #836, #1418, #266 ) ;
#1379 = EDGE_CURVE ( 'NONE', #1206, #1051, #1760, .T. ) ;
#1380 = ORIENTED_EDGE ( 'NONE', *, *, #1194, .T. ) ;
#1381 = DIRECTION ( 'NONE',  ( -1.000000000000000000, 0.000000000000000000, 0.000000000000000000 ) ) ;
#1382 = CYLINDRICAL_SURFACE ( 'NONE', #1462, 33.50000000000000000 ) ;
#1383 = FACE_BOUND ( 'NONE', #1197, .T. ) ;
#1384 = ORIENTED_EDGE ( 'NONE', *, *, #1452, .T. ) ;
#1385 = DIRECTION ( 'NONE',  ( 0.000000000000000000, 0.000000000000000000, 1.000000000000000000 ) ) ;
#1386 = DIRECTION ( 'NONE',  ( -0.000000000000000000, -0.000000000000000000, 1.000000000000000000 ) ) ;
#1387 = EDGE_CURVE ( 'NONE', #440, #378, #1209, .T. ) ;
#1388 = ORIENTED_EDGE ( 'NONE', *, *, #1261, .T. ) ;
#1389 = SURFACE_SIDE_STYLE ('',( #1123 ) ) ;
#1390 = CARTESIAN_POINT ( 'NONE',  ( 0.000000000000000000, 0.000000000000000000, 7.700000000000000178 ) ) ;
#1391 = CARTESIAN_POINT ( 'NONE',  ( 31.48165708812353358, -11.45230400337860566, 2.700000000000000178 ) ) ;
#1392 = ORIENTED_EDGE ( 'NONE', *, *, #1801, .T. ) ;
#1393 = DIRECTION ( 'NONE',  ( -0.000000000000000000, -0.000000000000000000, 1.000000000000000000 ) ) ;
#1394 = AXIS2_PLACEMENT_3D ( 'NONE', #242, #983, #690 ) ;
#1395 =( GEOMETRIC_REPRESENTATION_CONTEXT ( 3 ) GLOBAL_UNCERTAINTY_ASSIGNED_CONTEXT ( ( #167 ) ) GLOBAL_UNIT_ASSIGNED_CONTEXT ( ( #1087, #1686, #44 ) ) REPRESENTATION_CONTEXT ( 'NONE', 'WORKASPACE' ) );
#1396 = FACE_OUTER_BOUND ( 'NONE', #628, .T. ) ;
#1397 = AXIS2_PLACEMENT_3D ( 'NONE', #814, #1810, #71 ) ;
#1398 = CIRCLE ( 'NONE', #134, 3.250000000000000888 ) ;
#1399 = CIRCLE ( 'NONE', #1598, 9.999999999999998224 ) ;
#1400 = ORIENTED_EDGE ( 'NONE', *, *, #1629, .F. ) ;
#1401 = EDGE_CURVE ( 'NONE', #1442, #1590, #1876, .T. ) ;
#1402 = VECTOR ( 'NONE', #538, 1000.000000000000000 ) ;
#1403 = CARTESIAN_POINT ( 'NONE',  ( 34.25000000000024158, 1.059323475604669392E-12, 2.700000000000000178 ) ) ;
#1404 = EDGE_CURVE ( 'NONE', #701, #378, #87, .T. ) ;
#1405 = DIRECTION ( 'NONE',  ( -0.000000000000000000, -0.000000000000000000, 1.000000000000000000 ) ) ;
#1406 = ORIENTED_EDGE ( 'NONE', *, *, #1569, .F. ) ;
#1407 = DIRECTION ( 'NONE',  ( 0.000000000000000000, 0.000000000000000000, 1.000000000000000000 ) ) ;
#1408 = ADVANCED_FACE ( 'NONE', ( #1343 ), #34, .F. ) ;
#1409 = DIRECTION ( 'NONE',  ( 1.000000000000000000, 0.000000000000000000, 0.000000000000000000 ) ) ;
#1410 = AXIS2_PLACEMENT_3D ( 'NONE', #1804, #648, #1368 ) ;
#1411 = CIRCLE ( 'NONE', #1497, 5.249999999999995559 ) ;
#1412 = CARTESIAN_POINT ( 'NONE',  ( -3.210202377663986084, -33.34583333333328170, 13.70000000000000462 ) ) ;
#1413 = CARTESIAN_POINT ( 'NONE',  ( 32.31249999999975842, 3.486021191848353684, 5.500000000000005329 ) ) ;
#1414 = EDGE_CURVE ( 'NONE', #1050, #1489, #1467, .T. ) ;
#1415 = DIRECTION ( 'NONE',  ( 0.000000000000000000, 0.000000000000000000, 1.000000000000000000 ) ) ;
#1416 = CYLINDRICAL_SURFACE ( 'NONE', #1216, 6.250000000000005329 ) ;
#1417 = CARTESIAN_POINT ( 'NONE',  ( -11.45230400338112808, 31.48165708812262409, 2.700000000000000178 ) ) ;
#1418 = DIRECTION ( 'NONE',  ( 0.000000000000000000, 0.000000000000000000, 1.000000000000000000 ) ) ;
#1419 = CARTESIAN_POINT ( 'NONE',  ( 0.000000000000000000, 0.000000000000000000, 13.69999999999999929 ) ) ;
#1420 = ADVANCED_FACE ( 'NONE', ( #188 ), #1199, .T. ) ;
#1421 = DIRECTION ( 'NONE',  ( 0.000000000000000000, 0.000000000000000000, 1.000000000000000000 ) ) ;
#1422 = CIRCLE ( 'NONE', #1053, 6.250000000000005329 ) ;
#1423 = VECTOR ( 'NONE', #1755, 1000.000000000000000 ) ;
#1424 = AXIS2_PLACEMENT_3D ( 'NONE', #1236, #664, #1269 ) ;
#1425 = FACE_OUTER_BOUND ( 'NONE', #1114, .T. ) ;
#1426 = DIRECTION ( 'NONE',  ( 0.000000000000000000, 0.000000000000000000, -1.000000000000000000 ) ) ;
#1427 = CYLINDRICAL_SURFACE ( 'NONE', #823, 5.249999999999991118 ) ;
#1428 = ORIENTED_EDGE ( 'NONE', *, *, #599, .T. ) ;
#1429 = DIRECTION ( 'NONE',  ( 0.000000000000000000, 0.000000000000000000, 1.000000000000000000 ) ) ;
#1430 = EDGE_CURVE ( 'NONE', #1590, #1051, #1174, .T. ) ;
#1431 = VECTOR ( 'NONE', #605, 1000.000000000000000 ) ;
#1432 = FACE_OUTER_BOUND ( 'NONE', #1032, .T. ) ;
#1433 = EDGE_CURVE ( 'NONE', #1471, #1484, #43, .T. ) ;
#1434 = DIRECTION ( 'NONE',  ( -1.000000000000000000, 0.000000000000000000, 0.000000000000000000 ) ) ;
#1435 = CARTESIAN_POINT ( 'NONE',  ( 0.000000000000000000, 37.50000000000000711, 2.700000000000000178 ) ) ;
#1436 = VERTEX_POINT ( 'NONE', #1044 ) ;
#1437 = CARTESIAN_POINT ( 'NONE',  ( -31.48165708812252106, -11.45230400338138388, 2.700000000000000178 ) ) ;
#1438 = ADVANCED_FACE ( 'NONE', ( #486 ), #1477, .F. ) ;
#1439 = DIRECTION ( 'NONE',  ( 0.000000000000000000, 0.000000000000000000, 1.000000000000000000 ) ) ;
#1440 = FACE_OUTER_BOUND ( 'NONE', #1777, .T. ) ;
#1441 = CARTESIAN_POINT ( 'NONE',  ( 0.000000000000000000, 37.50000000000000711, 2.700000000000000178 ) ) ;
#1442 = VERTEX_POINT ( 'NONE', #1747 ) ;
#1443 = ORIENTED_EDGE ( 'NONE', *, *, #619, .F. ) ;
#1444 = CARTESIAN_POINT ( 'NONE',  ( 0.000000000000000000, 0.000000000000000000, 7.700000000000000178 ) ) ;
#1445 = VECTOR ( 'NONE', #263, 1000.000000000000000 ) ;
#1446 = CIRCLE ( 'NONE', #1139, 3.250000000000828670 ) ;
#1447 = EDGE_CURVE ( 'NONE', #215, #1835, #1770, .T. ) ;
#1448 = CARTESIAN_POINT ( 'NONE',  ( 0.000000000000000000, 0.000000000000000000, 5.500000000000005329 ) ) ;
#1449 = CIRCLE ( 'NONE', #910, 33.50000000000000000 ) ;
#1450 = DIRECTION ( 'NONE',  ( 0.000000000000000000, 0.000000000000000000, -1.000000000000000000 ) ) ;
#1451 = AXIS2_PLACEMENT_3D ( 'NONE', #221, #1245, #808 ) ;
#1452 = EDGE_CURVE ( 'NONE', #1495, #1243, #164, .T. ) ;
#1453 = CARTESIAN_POINT ( 'NONE',  ( -28.50000000000000000, 0.000000000000000000, 0.000000000000000000 ) ) ;
#1454 = ORIENTED_EDGE ( 'NONE', *, *, #222, .F. ) ;
#1455 = ORIENTED_EDGE ( 'NONE', *, *, #1006, .F. ) ;
#1456 = DIRECTION ( 'NONE',  ( 1.000000000000000000, 0.000000000000000000, 0.000000000000000000 ) ) ;
#1457 = AXIS2_PLACEMENT_3D ( 'NONE', #1276, #1725, #422 ) ;
#1458 = CARTESIAN_POINT ( 'NONE',  ( 14.87090221334564077, 40.87916666666667709, 2.700000000000000178 ) ) ;
#1459 = ORIENTED_EDGE ( 'NONE', *, *, #17, .F. ) ;
#1460 = CIRCLE ( 'NONE', #1151, 33.50000000000000000 ) ;
#1461 = CARTESIAN_POINT ( 'NONE',  ( -5.119490925905862966, 38.66331967213115206, 7.700000000000000178 ) ) ;
#1462 = AXIS2_PLACEMENT_3D ( 'NONE', #1085, #75, #121 ) ;
#1463 = CARTESIAN_POINT ( 'NONE',  ( 40.75000000000189715, 1.058925465394946370E-12, 2.700000000000000178 ) ) ;
#1464 = EDGE_LOOP ( 'NONE', ( #570, #716, #444, #341 ) ) ;
#1465 = ORIENTED_EDGE ( 'NONE', *, *, #949, .T. ) ;
#1466 = DIRECTION ( 'NONE',  ( -0.000000000000000000, -0.000000000000000000, -1.000000000000000000 ) ) ;
#1467 = LINE ( 'NONE', #1360, #691 ) ;
#1468 = LINE ( 'NONE', #1592, #693 ) ;
#1469 = ORIENTED_EDGE ( 'NONE', *, *, #1379, .T. ) ;
#1470 = ORIENTED_EDGE ( 'NONE', *, *, #1029, .F. ) ;
#1471 = VERTEX_POINT ( 'NONE', #625 ) ;
#1472 = LINE ( 'NONE', #437, #1215 ) ;
#1473 = CARTESIAN_POINT ( 'NONE',  ( -31.48165708812252106, -11.45230400338139454, 7.700000000000000178 ) ) ;
#1474 = EDGE_LOOP ( 'NONE', ( #902, #1501, #589, #1619 ) ) ;
#1475 = ORIENTED_EDGE ( 'NONE', *, *, #572, .F. ) ;
#1476 = DIRECTION ( 'NONE',  ( 1.000000000000000000, 0.000000000000000000, 0.000000000000000000 ) ) ;
#1477 = CYLINDRICAL_SURFACE ( 'NONE', #328, 9.999999999999998224 ) ;
#1478 = FACE_OUTER_BOUND ( 'NONE', #468, .T. ) ;
#1479 = VERTEX_POINT ( 'NONE', #1069 ) ;
#1480 = ORIENTED_EDGE ( 'NONE', *, *, #1730, .F. ) ;
#1481 = VERTEX_POINT ( 'NONE', #1651 ) ;
#1482 = CARTESIAN_POINT ( 'NONE',  ( -5.119490925905862966, 38.66331967213115206, 2.700000000000000178 ) ) ;
#1483 = VERTEX_POINT ( 'NONE', #196 ) ;
#1484 = VERTEX_POINT ( 'NONE', #750 ) ;
#1485 = FACE_BOUND ( 'NONE', #2, .T. ) ;
#1486 = AXIS2_PLACEMENT_3D ( 'NONE', #1311, #894, #1606 ) ;
#1487 = DIRECTION ( 'NONE',  ( -0.000000000000000000, -0.000000000000000000, 1.000000000000000000 ) ) ;
#1488 = CARTESIAN_POINT ( 'NONE',  ( -37.49999999999674571, -1.062588679071104954E-12, 2.700000000000000178 ) ) ;
#1489 = VERTEX_POINT ( 'NONE', #1332 ) ;
#1490 = EDGE_LOOP ( 'NONE', ( #560, #1648 ) ) ;
#1491 = EDGE_CURVE ( 'NONE', #1623, #802, #236, .T. ) ;
#1492 = ORIENTED_EDGE ( 'NONE', *, *, #45, .T. ) ;
#1493 = FACE_OUTER_BOUND ( 'NONE', #1544, .T. ) ;
#1494 = ORIENTED_EDGE ( 'NONE', *, *, #865, .T. ) ;
#1495 = VERTEX_POINT ( 'NONE', #640 ) ;
#1496 = DIRECTION ( 'NONE',  ( -0.000000000000000000, -0.000000000000000000, -1.000000000000000000 ) ) ;
#1497 = AXIS2_PLACEMENT_3D ( 'NONE', #67, #803, #495 ) ;
#1498 = CARTESIAN_POINT ( 'NONE',  ( -3.486021191846853551, -32.31249999999991473, 5.500000000000005329 ) ) ;
#1499 = DIRECTION ( 'NONE',  ( 0.000000000000000000, 0.000000000000000000, -1.000000000000000000 ) ) ;
#1500 = ORIENTED_EDGE ( 'NONE', *, *, #1430, .F. ) ;
#1501 = ORIENTED_EDGE ( 'NONE', *, *, #1773, .F. ) ;
#1502 = EDGE_CURVE ( 'NONE', #1758, #1163, #938, .T. ) ;
#1503 = CARTESIAN_POINT ( 'NONE',  ( 3.486021191846634171, 32.31249999999993605, 13.69999999999999929 ) ) ;
#1504 = FACE_OUTER_BOUND ( 'NONE', #1316, .T. ) ;
#1505 = EDGE_LOOP ( 'NONE', ( #317, #771, #41, #1783 ) ) ;
#1506 = CARTESIAN_POINT ( 'NONE',  ( -40.75000000000065370, -1.063119880682025954E-12, 2.700000000000000178 ) ) ;
#1507 = DIRECTION ( 'NONE',  ( 1.000000000000000000, 0.000000000000000000, 0.000000000000000000 ) ) ;
#1508 = DIRECTION ( 'NONE',  ( 0.000000000000000000, 0.000000000000000000, 1.000000000000000000 ) ) ;
#1509 = VERTEX_POINT ( 'NONE', #1371 ) ;
#1510 = DIRECTION ( 'NONE',  ( -1.000000000000000000, 0.000000000000000000, 0.000000000000000000 ) ) ;
#1511 = ORIENTED_EDGE ( 'NONE', *, *, #1751, .F. ) ;
#1512 = DIRECTION ( 'NONE',  ( -0.000000000000000000, 0.000000000000000000, -1.000000000000000000 ) ) ;
#1513 = ORIENTED_EDGE ( 'NONE', *, *, #554, .F. ) ;
#1514 = CYLINDRICAL_SURFACE ( 'NONE', #248, 17.00000000000000000 ) ;
#1515 = CIRCLE ( 'NONE', #1720, 9.999999999999998224 ) ;
#1516 = DIRECTION ( 'NONE',  ( 0.000000000000000000, 0.000000000000000000, 1.000000000000000000 ) ) ;
#1517 = EDGE_CURVE ( 'NONE', #378, #588, #1547, .T. ) ;
#1518 = AXIS2_PLACEMENT_3D ( 'NONE', #1054, #1487, #928 ) ;
#1519 = VERTEX_POINT ( 'NONE', #503 ) ;
#1520 = CARTESIAN_POINT ( 'NONE',  ( 0.000000000000000000, 0.000000000000000000, -86.89355146836109611 ) ) ;
#1521 = AXIS2_PLACEMENT_3D ( 'NONE', #1488, #764, #1344 ) ;
#1522 = DIRECTION ( 'NONE',  ( -0.000000000000000000, -0.000000000000000000, 1.000000000000000000 ) ) ;
#1523 = PRODUCT_DEFINITION ( 'NON CONOSCIUTO', '', #1749, #1313 ) ;
#1524 = ORIENTED_EDGE ( 'NONE', *, *, #1387, .T. ) ;
#1525 = ORIENTED_EDGE ( 'NONE', *, *, #279, .F. ) ;
#1526 = DIRECTION ( 'NONE',  ( 1.000000000000000000, 0.000000000000000000, 0.000000000000000000 ) ) ;
#1527 = DIRECTION ( 'NONE',  ( 1.000000000000000000, 0.000000000000000000, 0.000000000000000000 ) ) ;
#1528 = ORIENTED_EDGE ( 'NONE', *, *, #388, .F. ) ;
#1529 = CARTESIAN_POINT ( 'NONE',  ( 0.000000000000000000, 0.000000000000000000, 7.700000000000000178 ) ) ;
#1530 = AXIS2_PLACEMENT_3D ( 'NONE', #95, #216, #964 ) ;
#1531 = ADVANCED_FACE ( 'NONE', ( #366 ), #1079, .F. ) ;
#1532 = LINE ( 'NONE', #683, #264 ) ;
#1533 = ORIENTED_EDGE ( 'NONE', *, *, #81, .T. ) ;
#1534 = EDGE_LOOP ( 'NONE', ( #622, #862 ) ) ;
#1535 = DIRECTION ( 'NONE',  ( 0.000000000000000000, 0.000000000000000000, 1.000000000000000000 ) ) ;
#1536 = ORIENTED_EDGE ( 'NONE', *, *, #776, .T. ) ;
#1537 = DIRECTION ( 'NONE',  ( 1.000000000000000000, 0.000000000000000000, 0.000000000000000000 ) ) ;
#1538 = DIRECTION ( 'NONE',  ( -1.000000000000000000, 0.000000000000000000, 0.000000000000000000 ) ) ;
#1539 = EDGE_CURVE ( 'NONE', #1669, #298, #1449, .T. ) ;
#1540 = ADVANCED_FACE ( 'NONE', ( #1097, #1383 ), #76, .T. ) ;
#1541 = ORIENTED_EDGE ( 'NONE', *, *, #756, .T. ) ;
#1542 = DIRECTION ( 'NONE',  ( 0.000000000000000000, 0.000000000000000000, 1.000000000000000000 ) ) ;
#1543 = CARTESIAN_POINT ( 'NONE',  ( 0.000000000000000000, 0.000000000000000000, 13.70000000000000462 ) ) ;
#1544 = EDGE_LOOP ( 'NONE', ( #1818, #1160, #309, #1511, #583, #1289 ) ) ;
#1545 = DIRECTION ( 'NONE',  ( -0.000000000000000000, -0.000000000000000000, -1.000000000000000000 ) ) ;
#1546 = FACE_OUTER_BOUND ( 'NONE', #783, .T. ) ;
#1547 = CIRCLE ( 'NONE', #135, 9.999999999999994671 ) ;
#1548 = CIRCLE ( 'NONE', #788, 6.250000000000005329 ) ;
#1549 = EDGE_CURVE ( 'NONE', #179, #1835, #330, .T. ) ;
#1550 = CIRCLE ( 'NONE', #1072, 5.249999999999995559 ) ;
#1551 =( LENGTH_UNIT ( ) NAMED_UNIT ( * ) SI_UNIT ( .MILLI., .METRE. ) );
#1552 = CARTESIAN_POINT ( 'NONE',  ( 40.87916666666528442, 14.87090221334945817, 7.700000000000000178 ) ) ;
#1553 = ORIENTED_EDGE ( 'NONE', *, *, #756, .F. ) ;
#1554 = DIRECTION ( 'NONE',  ( -0.000000000000000000, -0.000000000000000000, -1.000000000000000000 ) ) ;
#1555 = CARTESIAN_POINT ( 'NONE',  ( -9.325873406851353310E-13, 37.49999999999894840, 5.500000000000005329 ) ) ;
#1556 = CIRCLE ( 'NONE', #977, 3.250000000000000888 ) ;
#1557 = EDGE_CURVE ( 'NONE', #1095, #1193, #845, .T. ) ;
#1558 = DIRECTION ( 'NONE',  ( 0.000000000000000000, 0.000000000000000000, 1.000000000000000000 ) ) ;
#1559 = CARTESIAN_POINT ( 'NONE',  ( -40.75000000000065370, -1.063119880682025954E-12, 7.700000000000000178 ) ) ;
#1560 = CARTESIAN_POINT ( 'NONE',  ( 37.50000000000106581, 1.058925465394946370E-12, 2.700000000000000178 ) ) ;
#1561 = CARTESIAN_POINT ( 'NONE',  ( 38.66331967213137233, 5.119490925909313539, 2.700000000000000178 ) ) ;
#1562 = CYLINDRICAL_SURFACE ( 'NONE', #942, 9.999999999999998224 ) ;
#1563 = DIRECTION ( 'NONE',  ( -0.000000000000000000, -0.000000000000000000, 1.000000000000000000 ) ) ;
#1564 = CARTESIAN_POINT ( 'NONE',  ( 3.210202377663752937, 33.34583333333330302, 13.70000000000000462 ) ) ;
#1565 = ORIENTED_EDGE ( 'NONE', *, *, #680, .T. ) ;
#1566 = ADVANCED_FACE ( 'NONE', ( #651 ), #956, .F. ) ;
#1567 = DIRECTION ( 'NONE',  ( 1.000000000000000000, 0.000000000000000000, 0.000000000000000000 ) ) ;
#1568 = AXIS2_PLACEMENT_3D ( 'NONE', #978, #410, #233 ) ;
#1569 = EDGE_CURVE ( 'NONE', #832, #953, #1532, .T. ) ;
#1570 = CIRCLE ( 'NONE', #786, 18.00000000000000000 ) ;
#1571 = CARTESIAN_POINT ( 'NONE',  ( 40.87916666666787080, -14.87090221334237050, 2.700000000000000178 ) ) ;
#1572 = DIRECTION ( 'NONE',  ( 1.000000000000000000, 0.000000000000000000, 0.000000000000000000 ) ) ;
#1573 = FACE_OUTER_BOUND ( 'NONE', #1636, .T. ) ;
#1574 = EDGE_LOOP ( 'NONE', ( #861, #146, #73, #1329, #618, #738, #1872, #484, #185, #151, #676, #1048, #1324, #174, #479, #460, #1253, #1223, #1672, #608 ) ) ;
#1575 = DIRECTION ( 'NONE',  ( -0.000000000000000000, -0.000000000000000000, 1.000000000000000000 ) ) ;
#1576 = VECTOR ( 'NONE', #299, 1000.000000000000000 ) ;
#1577 = DIRECTION ( 'NONE',  ( -0.000000000000000000, -0.000000000000000000, 1.000000000000000000 ) ) ;
#1578 = DIRECTION ( 'NONE',  ( 1.000000000000000000, 0.000000000000000000, 0.000000000000000000 ) ) ;
#1579 = CARTESIAN_POINT ( 'NONE',  ( -3.250000000000000888, 37.50000000000000711, 2.700000000000000178 ) ) ;
#1580 = ORIENTED_EDGE ( 'NONE', *, *, #1227, .T. ) ;
#1581 = ORIENTED_EDGE ( 'NONE', *, *, #1109, .T. ) ;
#1582 = DIRECTION ( 'NONE',  ( 0.000000000000000000, -0.000000000000000000, -1.000000000000000000 ) ) ;
#1583 = EDGE_CURVE ( 'NONE', #1489, #715, #1754, .T. ) ;
#1584 = ADVANCED_FACE ( 'NONE', ( #1396 ), #517, .F. ) ;
#1585 = DIRECTION ( 'NONE',  ( 1.000000000000000000, 0.000000000000000000, 0.000000000000000000 ) ) ;
#1586 = DIRECTION ( 'NONE',  ( 0.000000000000000000, 0.000000000000000000, -1.000000000000000000 ) ) ;
#1587 = ADVANCED_FACE ( 'NONE', ( #1546 ), #1671, .T. ) ;
#1588 = DIRECTION ( 'NONE',  ( -0.000000000000000000, -0.000000000000000000, 1.000000000000000000 ) ) ;
#1589 = ORIENTED_EDGE ( 'NONE', *, *, #1681, .T. ) ;
#1590 = VERTEX_POINT ( 'NONE', #526 ) ;
#1591 = CARTESIAN_POINT ( 'NONE',  ( 3.210202377665186457, -33.34583333333316091, 13.69999999999999929 ) ) ;
#1592 = CARTESIAN_POINT ( 'NONE',  ( 3.250000000000000888, 37.50000000000000711, 2.700000000000000178 ) ) ;
#1593 = AXIS2_PLACEMENT_3D ( 'NONE', #385, #1545, #1510 ) ;
#1594 = AXIS2_PLACEMENT_3D ( 'NONE', #1277, #1421, #124 ) ;
#1595 = AXIS2_PLACEMENT_3D ( 'NONE', #1435, #1288, #407 ) ;
#1596 = ORIENTED_EDGE ( 'NONE', *, *, #809, .T. ) ;
#1597 = EDGE_CURVE ( 'NONE', #1070, #297, #480, .T. ) ;
#1598 = AXIS2_PLACEMENT_3D ( 'NONE', #1458, #472, #1181 ) ;
#1599 = CYLINDRICAL_SURFACE ( 'NONE', #18, 32.50000000000000000 ) ;
#1600 = CIRCLE ( 'NONE', #634, 28.50000000000000000 ) ;
#1601 = DIRECTION ( 'NONE',  ( 1.000000000000000000, 0.000000000000000000, 0.000000000000000000 ) ) ;
#1602 = ORIENTED_EDGE ( 'NONE', *, *, #1866, .T. ) ;
#1603 = ORIENTED_EDGE ( 'NONE', *, *, #897, .F. ) ;
#1604 = CARTESIAN_POINT ( 'NONE',  ( -11.45230400338112808, 31.48165708812262409, 2.700000000000000178 ) ) ;
#1605 = CARTESIAN_POINT ( 'NONE',  ( 40.87916666666528442, 14.87090221334945817, 2.700000000000000178 ) ) ;
#1606 = DIRECTION ( 'NONE',  ( -1.000000000000000000, 0.000000000000000000, 0.000000000000000000 ) ) ;
#1607 = ORIENTED_EDGE ( 'NONE', *, *, #303, .T. ) ;
#1608 = VERTEX_POINT ( 'NONE', #1102 ) ;
#1609 = VECTOR ( 'NONE', #458, 1000.000000000000000 ) ;
#1610 = FACE_BOUND ( 'NONE', #1886, .T. ) ;
#1611 = CIRCLE ( 'NONE', #647, 33.50000000000000000 ) ;
#1612 = LINE ( 'NONE', #1463, #1787 ) ;
#1613 = ORIENTED_EDGE ( 'NONE', *, *, #1354, .F. ) ;
#1614 = EDGE_LOOP ( 'NONE', ( #1775, #1525, #1170, #1524 ) ) ;
#1615 = CARTESIAN_POINT ( 'NONE',  ( 37.50000000000106581, 3.250686727208986112E-12, 2.700000000000000178 ) ) ;
#1616 = CARTESIAN_POINT ( 'NONE',  ( -37.49999999999674571, -1.062588679071104954E-12, 7.700000000000000178 ) ) ;
#1617 = DIRECTION ( 'NONE',  ( 1.000000000000000000, -3.552713678800487124E-15, 0.000000000000000000 ) ) ;
#1618 = ORIENTED_EDGE ( 'NONE', *, *, #531, .F. ) ;
#1619 = ORIENTED_EDGE ( 'NONE', *, *, #60, .T. ) ;
#1620 = UNCERTAINTY_MEASURE_WITH_UNIT (LENGTH_MEASURE( 1.000000000000000082E-05 ), #1551, 'distance_accuracy_value', 'NONE');
#1621 = EDGE_LOOP ( 'NONE', ( #528, #1613, #1083, #748, #361, #1881 ) ) ;
#1622 = CARTESIAN_POINT ( 'NONE',  ( -32.31249999999975842, -3.486021191848356793, 5.500000000000005329 ) ) ;
#1623 = VERTEX_POINT ( 'NONE', #1838 ) ;
#1624 = ORIENTED_EDGE ( 'NONE', *, *, #1006, .T. ) ;
#1625 = CARTESIAN_POINT ( 'NONE',  ( -11.45230400337707444, -31.48165708812408781, 2.700000000000000178 ) ) ;
#1626 = DIRECTION ( 'NONE',  ( 0.000000000000000000, 0.000000000000000000, 1.000000000000000000 ) ) ;
#1627 = FACE_OUTER_BOUND ( 'NONE', #729, .T. ) ;
#1628 = ORIENTED_EDGE ( 'NONE', *, *, #387, .T. ) ;
#1629 = EDGE_CURVE ( 'NONE', #1050, #1334, #1548, .T. ) ;
#1630 = EDGE_CURVE ( 'NONE', #1669, #1145, #112, .T. ) ;
#1631 = VERTEX_POINT ( 'NONE', #1682 ) ;
#1632 = AXIS2_PLACEMENT_3D ( 'NONE', #1448, #137, #579 ) ;
#1633 = AXIS2_PLACEMENT_3D ( 'NONE', #1529, #966, #1653 ) ;
#1634 = AXIS2_PLACEMENT_3D ( 'NONE', #4, #1148, #131 ) ;
#1635 = CARTESIAN_POINT ( 'NONE',  ( -3.250000000000158984, -37.50000000000000711, 2.700000000000000178 ) ) ;
#1636 = EDGE_LOOP ( 'NONE', ( #1283, #1207, #1647, #919, #1678, #246 ) ) ;
#1637 = ORIENTED_EDGE ( 'NONE', *, *, #1014, .T. ) ;
#1638 = FACE_OUTER_BOUND ( 'NONE', #432, .T. ) ;
#1639 = VECTOR ( 'NONE', #35, 1000.000000000000000 ) ;
#1640 = DIRECTION ( 'NONE',  ( 0.000000000000000000, 0.000000000000000000, -1.000000000000000000 ) ) ;
#1641 = PLANE ( 'NONE',  #632 ) ;
#1642 = ORIENTED_EDGE ( 'NONE', *, *, #1583, .F. ) ;
#1643 = AXIS2_PLACEMENT_3D ( 'NONE', #402, #1018, #308 ) ;
#1644 = VERTEX_POINT ( 'NONE', #380 ) ;
#1645 = CIRCLE ( 'NONE', #519, 32.50000000000000000 ) ;
#1646 = FACE_OUTER_BOUND ( 'NONE', #1790, .T. ) ;
#1647 = ORIENTED_EDGE ( 'NONE', *, *, #731, .T. ) ;
#1648 = ORIENTED_EDGE ( 'NONE', *, *, #1337, .T. ) ;
#1649 = CARTESIAN_POINT ( 'NONE',  ( 37.50000000000106581, 1.058925465394946370E-12, 7.700000000000000178 ) ) ;
#1650 = AXIS2_PLACEMENT_3D ( 'NONE', #281, #1426, #984 ) ;
#1651 = CARTESIAN_POINT ( 'NONE',  ( -33.34583333333312538, -3.210202377665535955, 13.69999999999999929 ) ) ;
#1652 = ORIENTED_EDGE ( 'NONE', *, *, #81, .F. ) ;
#1653 = DIRECTION ( 'NONE',  ( 1.000000000000000000, 0.000000000000000000, 0.000000000000000000 ) ) ;
#1654 = ORIENTED_EDGE ( 'NONE', *, *, #372, .T. ) ;
#1655 = EDGE_CURVE ( 'NONE', #1479, #553, #52, .T. ) ;
#1656 = FACE_OUTER_BOUND ( 'NONE', #205, .T. ) ;
#1657 = VERTEX_POINT ( 'NONE', #675 ) ;
#1658 = FACE_OUTER_BOUND ( 'NONE', #1614, .T. ) ;
#1659 = DIRECTION ( 'NONE',  ( 1.000000000000000000, 0.000000000000000000, 0.000000000000000000 ) ) ;
#1660 = DIRECTION ( 'NONE',  ( -1.000000000000000000, 0.000000000000000000, 0.000000000000000000 ) ) ;
#1661 = EDGE_CURVE ( 'NONE', #832, #424, #290, .T. ) ;
#1662 = ORIENTED_EDGE ( 'NONE', *, *, #577, .F. ) ;
#1663 = DIRECTION ( 'NONE',  ( 0.000000000000000000, 0.000000000000000000, 1.000000000000000000 ) ) ;
#1664 = ORIENTED_EDGE ( 'NONE', *, *, #1361, .F. ) ;
#1665 = VERTEX_POINT ( 'NONE', #1698 ) ;
#1666 = CARTESIAN_POINT ( 'NONE',  ( 18.00000000000000000, 0.000000000000000000, -86.89355146836109611 ) ) ;
#1667 = CARTESIAN_POINT ( 'NONE',  ( -14.87090221334038098, -40.87916666666858845, 2.700000000000000178 ) ) ;
#1668 = CIRCLE ( 'NONE', #991, 5.249999999999997335 ) ;
#1669 = VERTEX_POINT ( 'NONE', #1689 ) ;
#1670 = CARTESIAN_POINT ( 'NONE',  ( -32.31249999999995026, 3.486021191846521372, 5.500000000000005329 ) ) ;
#1671 = CYLINDRICAL_SURFACE ( 'NONE', #873, 6.250000000000005329 ) ;
#1672 = ORIENTED_EDGE ( 'NONE', *, *, #577, .T. ) ;
#1673 = ORIENTED_EDGE ( 'NONE', *, *, #1843, .T. ) ;
#1674 = CARTESIAN_POINT ( 'NONE',  ( -31.24999999999894484, -1.063517890891748976E-12, -86.89355146836109611 ) ) ;
#1675 = DIRECTION ( 'NONE',  ( 0.000000000000000000, 0.000000000000000000, 1.000000000000000000 ) ) ;
#1676 = APPLICATION_PROTOCOL_DEFINITION ( 'draft international standard', 'automotive_design', 1998, #207 ) ;
#1677 = EDGE_CURVE ( 'NONE', #1631, #891, #1122, .T. ) ;
#1678 = ORIENTED_EDGE ( 'NONE', *, *, #1630, .T. ) ;
#1679 = CARTESIAN_POINT ( 'NONE',  ( -37.49999999999894840, -1.063517890891748976E-12, 5.500000000000005329 ) ) ;
#1680 = CIRCLE ( 'NONE', #425, 5.249999999999991118 ) ;
#1681 = EDGE_CURVE ( 'NONE', #871, #1623, #1377, .T. ) ;
#1682 = CARTESIAN_POINT ( 'NONE',  ( -31.24999999999894484, -1.063517890891748976E-12, 13.69999999999999929 ) ) ;
#1683 = ORIENTED_EDGE ( 'NONE', *, *, #1361, .T. ) ;
#1684 = PRESENTATION_STYLE_ASSIGNMENT (( #1274 ) ) ;
#1685 = LINE ( 'NONE', #1251, #645 ) ;
#1686 =( NAMED_UNIT ( * ) PLANE_ANGLE_UNIT ( ) SI_UNIT ( $, .RADIAN. ) );
#1687 = ORIENTED_EDGE ( 'NONE', *, *, #168, .F. ) ;
#1688 = CARTESIAN_POINT ( 'NONE',  ( 37.50000000000106581, 3.250686727208986112E-12, 2.700000000000000178 ) ) ;
#1689 = CARTESIAN_POINT ( 'NONE',  ( -3.210202377665411611, 33.34583333333314670, 7.700000000000000178 ) ) ;
#1690 = EDGE_CURVE ( 'NONE', #739, #1185, #970, .T. ) ;
#1691 = CARTESIAN_POINT ( 'NONE',  ( 37.50000000000106581, 1.058925465394946370E-12, 7.700000000000000178 ) ) ;
#1692 = DIRECTION ( 'NONE',  ( 0.000000000000000000, 0.000000000000000000, 1.000000000000000000 ) ) ;
#1693 = VERTEX_POINT ( 'NONE', #386 ) ;
#1694 = ORIENTED_EDGE ( 'NONE', *, *, #1728, .F. ) ;
#1695 = DIRECTION ( 'NONE',  ( -0.000000000000000000, -0.000000000000000000, -1.000000000000000000 ) ) ;
#1696 = STYLED_ITEM ( 'NONE', ( #1684 ), #62 ) ;
#1697 = CIRCLE ( 'NONE', #868, 32.50000000000000000 ) ;
#1698 = CARTESIAN_POINT ( 'NONE',  ( -31.24999999999894484, -1.063517890891748976E-12, 5.500000000000005329 ) ) ;
#1699 = CIRCLE ( 'NONE', #1364, 9.999999999999998224 ) ;
#1700 = CIRCLE ( 'NONE', #172, 33.50000000000000000 ) ;
#1701 = AXIS2_PLACEMENT_3D ( 'NONE', #357, #929, #504 ) ;
#1702 = VECTOR ( 'NONE', #1154, 1000.000000000000000 ) ;
#1703 = CARTESIAN_POINT ( 'NONE',  ( -37.49999999999894840, -1.063517890891748976E-12, 7.700000000000000178 ) ) ;
#1704 = CARTESIAN_POINT ( 'NONE',  ( -34.24999999999725020, -1.063517890891748976E-12, 2.700000000000000178 ) ) ;
#1705 = CARTESIAN_POINT ( 'NONE',  ( 0.000000000000000000, 0.000000000000000000, 0.000000000000000000 ) ) ;
#1706 = AXIS2_PLACEMENT_3D ( 'NONE', #615, #624, #1022 ) ;
#1707 = AXIS2_PLACEMENT_3D ( 'NONE', #1735, #1868, #1281 ) ;
#1708 = CYLINDRICAL_SURFACE ( 'NONE', #1568, 3.250000000001703082 ) ;
#1709 = ADVANCED_FACE ( 'NONE', ( #967 ), #1416, .T. ) ;
#1710 = FACE_OUTER_BOUND ( 'NONE', #1075, .T. ) ;
#1711 = FACE_OUTER_BOUND ( 'NONE', #225, .T. ) ;
#1712 = EDGE_LOOP ( 'NONE', ( #1652, #847 ) ) ;
#1713 = EDGE_CURVE ( 'NONE', #1041, #1631, #418, .T. ) ;
#1714 = FACE_OUTER_BOUND ( 'NONE', #333, .T. ) ;
#1715 = CARTESIAN_POINT ( 'NONE',  ( 0.000000000000000000, 0.000000000000000000, 4.500000000000000000 ) ) ;
#1716 = EDGE_CURVE ( 'NONE', #1047, #1778, #1023, .T. ) ;
#1717 = CARTESIAN_POINT ( 'NONE',  ( 14.87090221334564077, 40.87916666666667709, 7.700000000000000178 ) ) ;
#1718 = ORIENTED_EDGE ( 'NONE', *, *, #531, .T. ) ;
#1719 = CARTESIAN_POINT ( 'NONE',  ( 0.000000000000000000, 0.000000000000000000, 13.69999999999999929 ) ) ;
#1720 = AXIS2_PLACEMENT_3D ( 'NONE', #1571, #684, #811 ) ;
#1721 = VECTOR ( 'NONE', #917, 1000.000000000000000 ) ;
#1722 = CIRCLE ( 'NONE', #1143, 5.249999999999997335 ) ;
#1723 = FACE_OUTER_BOUND ( 'NONE', #129, .T. ) ;
#1724 = CARTESIAN_POINT ( 'NONE',  ( 0.000000000000000000, 0.000000000000000000, 5.500000000000005329 ) ) ;
#1725 = DIRECTION ( 'NONE',  ( 0.000000000000000000, 0.000000000000000000, -1.000000000000000000 ) ) ;
#1726 = ORIENTED_EDGE ( 'NONE', *, *, #230, .F. ) ;
#1727 = ORIENTED_EDGE ( 'NONE', *, *, #1064, .F. ) ;
#1728 = EDGE_CURVE ( 'NONE', #1070, #1644, #993, .T. ) ;
#1729 = DIRECTION ( 'NONE',  ( -1.000000000000000000, 0.000000000000000000, 0.000000000000000000 ) ) ;
#1730 = EDGE_CURVE ( 'NONE', #620, #1185, #79, .T. ) ;
#1731 = AXIS2_PLACEMENT_3D ( 'NONE', #195, #13, #1358 ) ;
#1732 = CIRCLE ( 'NONE', #1888, 18.00000000000000000 ) ;
#1733 = ADVANCED_FACE ( 'NONE', ( #1200, #1885 ), #1641, .T. ) ;
#1734 = CARTESIAN_POINT ( 'NONE',  ( 5.119490925910139545, -38.66331967212919096, 2.700000000000000178 ) ) ;
#1735 = CARTESIAN_POINT ( 'NONE',  ( 0.000000000000000000, 0.000000000000000000, 13.69999999999999929 ) ) ;
#1736 = CARTESIAN_POINT ( 'NONE',  ( -9.325873406851353310E-13, 37.49999999999894840, 13.69999999999999929 ) ) ;
#1737 = ORIENTED_EDGE ( 'NONE', *, *, #1149, .F. ) ;
#1738 = ORIENTED_EDGE ( 'NONE', *, *, #1203, .T. ) ;
#1739 = CARTESIAN_POINT ( 'NONE',  ( 32.31249999999995026, -3.486021191846540024, 5.500000000000005329 ) ) ;
#1740 = DIRECTION ( 'NONE',  ( -1.000000000000000000, 0.000000000000000000, 0.000000000000000000 ) ) ;
#1741 = EDGE_CURVE ( 'NONE', #1436, #130, #537, .T. ) ;
#1742 = CARTESIAN_POINT ( 'NONE',  ( 40.75000000000189715, 1.058925465394946370E-12, 7.700000000000000178 ) ) ;
#1743 = CYLINDRICAL_SURFACE ( 'NONE', #723, 3.250000000002276845 ) ;
#1744 = ORIENTED_EDGE ( 'NONE', *, *, #331, .T. ) ;
#1745 = VERTEX_POINT ( 'NONE', #1036 ) ;
#1746 = CYLINDRICAL_SURFACE ( 'NONE', #182, 3.250000000000828670 ) ;
#1747 = CARTESIAN_POINT ( 'NONE',  ( 38.66331967213226051, -5.119490925902611345, 7.700000000000000178 ) ) ;
#1748 = DIRECTION ( 'NONE',  ( 0.000000000000000000, 0.000000000000000000, 1.000000000000000000 ) ) ;
#1749 = PRODUCT_DEFINITION_FORMATION_WITH_SPECIFIED_SOURCE ( 'TUTTO', '', #1802, .NOT_KNOWN. ) ;
#1750 = AXIS2_PLACEMENT_3D ( 'NONE', #1250, #257, #842 ) ;
#1751 = EDGE_CURVE ( 'NONE', #1357, #588, #1700, .T. ) ;
#1752 = CIRCLE ( 'NONE', #820, 17.00000000000000000 ) ;
#1753 = VERTEX_POINT ( 'NONE', #742 ) ;
#1754 = CIRCLE ( 'NONE', #511, 6.250000000000005329 ) ;
#1755 = DIRECTION ( 'NONE',  ( 0.000000000000000000, 0.000000000000000000, 1.000000000000000000 ) ) ;
#1756 = CARTESIAN_POINT ( 'NONE',  ( 2.117850930789892740E-12, -37.50000000000000711, 2.700000000000000178 ) ) ;
#1757 = ORIENTED_EDGE ( 'NONE', *, *, #1337, .F. ) ;
#1758 = VERTEX_POINT ( 'NONE', #313 ) ;
#1759 = DIRECTION ( 'NONE',  ( -0.000000000000000000, -0.000000000000000000, 1.000000000000000000 ) ) ;
#1760 = LINE ( 'NONE', #741, #1120 ) ;
#1761 = DIRECTION ( 'NONE',  ( 0.000000000000000000, 0.000000000000000000, -1.000000000000000000 ) ) ;
#1762 = ORIENTED_EDGE ( 'NONE', *, *, #1238, .T. ) ;
#1763 = ORIENTED_EDGE ( 'NONE', *, *, #477, .T. ) ;
#1764 = CIRCLE ( 'NONE', #245, 5.249999999999997335 ) ;
#1765 = EDGE_CURVE ( 'NONE', #1471, #1753, #1399, .T. ) ;
#1766 = CYLINDRICAL_SURFACE ( 'NONE', #877, 5.249999999999979572 ) ;
#1767 = ORIENTED_EDGE ( 'NONE', *, *, #253, .F. ) ;
#1768 = ORIENTED_EDGE ( 'NONE', *, *, #155, .T. ) ;
#1769 = CARTESIAN_POINT ( 'NONE',  ( 5.119490925905862966, 38.66331967213115206, 7.700000000000000178 ) ) ;
#1770 = LINE ( 'NONE', #471, #668 ) ;
#1771 = DIRECTION ( 'NONE',  ( 1.000000000000000000, 0.000000000000000000, 0.000000000000000000 ) ) ;
#1772 = EDGE_LOOP ( 'NONE', ( #1063, #1363, #1469, #1500 ) ) ;
#1773 = EDGE_CURVE ( 'NONE', #939, #58, #203, .T. ) ;
#1774 = EDGE_CURVE ( 'NONE', #80, #349, #1167, .T. ) ;
#1775 = ORIENTED_EDGE ( 'NONE', *, *, #1404, .F. ) ;
#1776 = CARTESIAN_POINT ( 'NONE',  ( -40.75000000000065370, -1.063119880682025954E-12, 2.700000000000000178 ) ) ;
#1777 = EDGE_LOOP ( 'NONE', ( #1541, #926, #614, #1392, #761, #662, #158, #1230, #957 ) ) ;
#1778 = VERTEX_POINT ( 'NONE', #443 ) ;
#1779 = CARTESIAN_POINT ( 'NONE',  ( 37.50000000000106581, 1.058925465394946370E-12, 2.700000000000000178 ) ) ;
#1780 = DIRECTION ( 'NONE',  ( 0.000000000000000000, 0.000000000000000000, 1.000000000000000000 ) ) ;
#1781 = CARTESIAN_POINT ( 'NONE',  ( 33.50000000000000000, 4.102566777143632985E-15, 0.000000000000000000 ) ) ;
#1782 = ADVANCED_FACE ( 'NONE', ( #1627 ), #1323, .F. ) ;
#1783 = ORIENTED_EDGE ( 'NONE', *, *, #1242, .T. ) ;
#1784 = ORIENTED_EDGE ( 'NONE', *, *, #731, .F. ) ;
#1785 = EDGE_LOOP ( 'NONE', ( #895, #752, #1580, #1388 ) ) ;
#1786 = AXIS2_PLACEMENT_3D ( 'NONE', #120, #556, #1140 ) ;
#1787 = VECTOR ( 'NONE', #869, 1000.000000000000000 ) ;
#1788 = CIRCLE ( 'NONE', #1210, 3.250000000001703082 ) ;
#1789 = DIRECTION ( 'NONE',  ( 0.000000000000000000, 0.000000000000000000, 1.000000000000000000 ) ) ;
#1790 = EDGE_LOOP ( 'NONE', ( #351, #319, #1113, #292, #1812 ) ) ;
#1791 = ORIENTED_EDGE ( 'NONE', *, *, #1728, .T. ) ;
#1792 = CYLINDRICAL_SURFACE ( 'NONE', #373, 3.250000000000828670 ) ;
#1793 = AXIS2_PLACEMENT_3D ( 'NONE', #239, #941, #1538 ) ;
#1794 = DIRECTION ( 'NONE',  ( -0.000000000000000000, -0.000000000000000000, 1.000000000000000000 ) ) ;
#1795 = ORIENTED_EDGE ( 'NONE', *, *, #1655, .T. ) ;
#1796 = CARTESIAN_POINT ( 'NONE',  ( 0.000000000000000000, 0.000000000000000000, 4.500000000000000000 ) ) ;
#1797 = EDGE_CURVE ( 'NONE', #381, #440, #669, .T. ) ;
#1798 = CIRCLE ( 'NONE', #566, 9.999999999999998224 ) ;
#1799 = EDGE_CURVE ( 'NONE', #1100, #1693, #1468, .T. ) ;
#1800 = VERTEX_POINT ( 'NONE', #1781 ) ;
#1801 = EDGE_CURVE ( 'NONE', #1107, #1481, #1722, .T. ) ;
#1802 = PRODUCT ( 'ciambellauz_v2', 'ciambellauz_v2', '', ( #795 ) ) ;
#1803 = AXIS2_PLACEMENT_3D ( 'NONE', #391, #355, #1106 ) ;
#1804 = CARTESIAN_POINT ( 'NONE',  ( 4.330298885192442761E-12, -37.49999999999781153, 2.700000000000000178 ) ) ;
#1805 = ORIENTED_EDGE ( 'NONE', *, *, #1169, .F. ) ;
#1806 = DIRECTION ( 'NONE',  ( 1.000000000000000000, 0.000000000000000000, 0.000000000000000000 ) ) ;
#1807 = AXIS2_PLACEMENT_3D ( 'NONE', #1552, #659, #1240 ) ;
#1808 = DIRECTION ( 'NONE',  ( -0.000000000000000000, -0.000000000000000000, 1.000000000000000000 ) ) ;
#1809 = ORIENTED_EDGE ( 'NONE', *, *, #1741, .F. ) ;
#1810 = DIRECTION ( 'NONE',  ( -0.000000000000000000, -0.000000000000000000, -1.000000000000000000 ) ) ;
#1811 = EDGE_CURVE ( 'NONE', #1353, #802, #453, .T. ) ;
#1812 = ORIENTED_EDGE ( 'NONE', *, *, #1103, .F. ) ;
#1813 = PLANE ( 'NONE',  #96 ) ;
#1814 = LINE ( 'NONE', #1369, #1291 ) ;
#1815 = DIRECTION ( 'NONE',  ( -0.000000000000000000, -0.000000000000000000, -1.000000000000000000 ) ) ;
#1816 = DIRECTION ( 'NONE',  ( -1.000000000000000000, 0.000000000000000000, 0.000000000000000000 ) ) ;
#1817 = DIRECTION ( 'NONE',  ( -1.000000000000000000, 0.000000000000000000, 0.000000000000000000 ) ) ;
#1818 = ORIENTED_EDGE ( 'NONE', *, *, #819, .T. ) ;
#1819 = CARTESIAN_POINT ( 'NONE',  ( 37.49999999999894840, 1.063517890891748976E-12, 13.70000000000000462 ) ) ;
#1820 = CARTESIAN_POINT ( 'NONE',  ( -37.49999999999894840, -1.063517890891748976E-12, 13.69999999999999929 ) ) ;
#1821 = ORIENTED_EDGE ( 'NONE', *, *, #1401, .T. ) ;
#1822 = ADVANCED_FACE ( 'NONE', ( #301, #1478 ), #144, .F. ) ;
#1823 = ORIENTED_EDGE ( 'NONE', *, *, #1061, .T. ) ;
#1824 = DIRECTION ( 'NONE',  ( 1.000000000000000000, 0.000000000000000000, 0.000000000000000000 ) ) ;
#1825 = DIRECTION ( 'NONE',  ( 0.000000000000000000, 0.000000000000000000, 1.000000000000000000 ) ) ;
#1826 = CIRCLE ( 'NONE', #943, 33.50000000000000000 ) ;
#1827 = VERTEX_POINT ( 'NONE', #15 ) ;
#1828 = CARTESIAN_POINT ( 'NONE',  ( 38.66331967213226051, -5.119490925902611345, 2.700000000000000178 ) ) ;
#1829 = AXIS2_PLACEMENT_3D ( 'NONE', #826, #100, #815 ) ;
#1830 = DIRECTION ( 'NONE',  ( -1.000000000000000000, -1.776356839400250465E-15, 0.000000000000000000 ) ) ;
#1831 = ORIENTED_EDGE ( 'NONE', *, *, #1856, .T. ) ;
#1832 = CARTESIAN_POINT ( 'NONE',  ( -14.87090221334564077, 40.87916666666667709, 2.700000000000000178 ) ) ;
#1833 = CARTESIAN_POINT ( 'NONE',  ( -32.31249999999995026, 3.486021191846521372, 13.69999999999999929 ) ) ;
#1834 = ADVANCED_FACE ( 'NONE', ( #586 ), #463, .F. ) ;
#1835 = VERTEX_POINT ( 'NONE', #165 ) ;
#1836 = CARTESIAN_POINT ( 'NONE',  ( -40.87916666666654919, -14.87090221334598894, 2.700000000000000178 ) ) ;
#1837 = CIRCLE ( 'NONE', #29, 33.50000000000000000 ) ;
#1838 = CARTESIAN_POINT ( 'NONE',  ( 3.486021191848015732, -32.31249999999979394, 13.69999999999999929 ) ) ;
#1839 = CARTESIAN_POINT ( 'NONE',  ( -3.250000000000158984, -37.50000000000000711, 7.700000000000000178 ) ) ;
#1840 = CYLINDRICAL_SURFACE ( 'NONE', #217, 3.250000000000000888 ) ;
#1841 = ORIENTED_EDGE ( 'NONE', *, *, #680, .F. ) ;
#1842 = CARTESIAN_POINT ( 'NONE',  ( -33.50000000000000000, 0.000000000000000000, 2.700000000000000178 ) ) ;
#1843 = EDGE_CURVE ( 'NONE', #553, #1163, #1060, .T. ) ;
#1844 = DIRECTION ( 'NONE',  ( -0.000000000000000000, 0.000000000000000000, 1.000000000000000000 ) ) ;
#1845 = DIRECTION ( 'NONE',  ( 1.000000000000000000, 0.000000000000000000, 0.000000000000000000 ) ) ;
#1846 = DIRECTION ( 'NONE',  ( 0.000000000000000000, 0.000000000000000000, 1.000000000000000000 ) ) ;
#1847 = CARTESIAN_POINT ( 'NONE',  ( 42.75000000000105871, 3.250686727208986112E-12, 2.700000000000000178 ) ) ;
#1848 = AXIS2_PLACEMENT_3D ( 'NONE', #1605, #14, #1180 ) ;
#1849 = CARTESIAN_POINT ( 'NONE',  ( -37.49999999999894840, -1.063517890891748976E-12, -86.89355146836109611 ) ) ;
#1850 = AXIS2_PLACEMENT_3D ( 'NONE', #1520, #1393, #1374 ) ;
#1851 = VECTOR ( 'NONE', #952, 1000.000000000000000 ) ;
#1852 = AXIS2_PLACEMENT_3D ( 'NONE', #720, #751, #1740 ) ;
#1853 = ADVANCED_FACE ( 'NONE', ( #1013 ), #596, .F. ) ;
#1854 = VECTOR ( 'NONE', #1588, 1000.000000000000000 ) ;
#1855 = DIRECTION ( 'NONE',  ( 1.000000000000000000, 0.000000000000000000, 0.000000000000000000 ) ) ;
#1856 = EDGE_CURVE ( 'NONE', #933, #11, #1026, .T. ) ;
#1857 = DIRECTION ( 'NONE',  ( -1.000000000000000000, 0.000000000000000000, 0.000000000000000000 ) ) ;
#1858 = CARTESIAN_POINT ( 'NONE',  ( -28.50000000000000000, 0.000000000000000000, 4.500000000000000000 ) ) ;
#1859 = PLANE ( 'NONE',  #1634 ) ;
#1860 = AXIS2_PLACEMENT_3D ( 'NONE', #84, #1535, #1824 ) ;
#1861 = CIRCLE ( 'NONE', #99, 5.249999999999997335 ) ;
#1862 = CARTESIAN_POINT ( 'NONE',  ( 3.486021191846634171, 32.31249999999993605, -86.89355146836109611 ) ) ;
#1863 = DIRECTION ( 'NONE',  ( 1.000000000000000000, 0.000000000000000000, 0.000000000000000000 ) ) ;
#1864 = ORIENTED_EDGE ( 'NONE', *, *, #627, .T. ) ;
#1865 = DIRECTION ( 'NONE',  ( 0.000000000000000000, 0.000000000000000000, 1.000000000000000000 ) ) ;
#1866 = EDGE_CURVE ( 'NONE', #466, #1608, #1600, .T. ) ;
#1867 = CYLINDRICAL_SURFACE ( 'NONE', #712, 10.00000000000000178 ) ;
#1868 = DIRECTION ( 'NONE',  ( 0.000000000000000000, 0.000000000000000000, 1.000000000000000000 ) ) ;
#1869 = EDGE_CURVE ( 'NONE', #215, #1367, #790, .T. ) ;
#1870 = CYLINDRICAL_SURFACE ( 'NONE', #1457, 5.249999999999995559 ) ;
#1871 = ORIENTED_EDGE ( 'NONE', *, *, #1103, .T. ) ;
#1872 = ORIENTED_EDGE ( 'NONE', *, *, #1452, .F. ) ;
#1873 = CARTESIAN_POINT ( 'NONE',  ( -33.34583333333313959, -3.210202377665527074, 10.70000000000000107 ) ) ;
#1874 = CIRCLE ( 'NONE', #1271, 10.00000000000000178 ) ;
#1875 = AXIS2_PLACEMENT_3D ( 'NONE', #1679, #220, #825 ) ;
#1876 = CIRCLE ( 'NONE', #201, 5.249999999999991118 ) ;
#1877 = AXIS2_PLACEMENT_3D ( 'NONE', #376, #356, #514 ) ;
#1878 = CYLINDRICAL_SURFACE ( 'NONE', #665, 5.249999999999995559 ) ;
#1879 = CARTESIAN_POINT ( 'NONE',  ( -33.34583333333331723, 3.210202377663638362, 13.70000000000000462 ) ) ;
#1880 = CARTESIAN_POINT ( 'NONE',  ( 28.50000000000000000, 3.490243377569956456E-15, 0.000000000000000000 ) ) ;
#1881 = ORIENTED_EDGE ( 'NONE', *, *, #500, .F. ) ;
#1882 = ORIENTED_EDGE ( 'NONE', *, *, #934, .T. ) ;
#1883 = EDGE_CURVE ( 'NONE', #646, #179, #661, .T. ) ;
#1884 = CARTESIAN_POINT ( 'NONE',  ( 6.707262402719075364E-13, -37.49999999999894840, -86.89355146836109611 ) ) ;
#1885 = FACE_BOUND ( 'NONE', #384, .T. ) ;
#1886 = EDGE_LOOP ( 'NONE', ( #1455, #1320 ) ) ;
#1887 = CIRCLE ( 'NONE', #609, 9.999999999999998224 ) ;
#1888 = AXIS2_PLACEMENT_3D ( 'NONE', #1724, #1000, #980 ) ;
#1889 = LINE ( 'NONE', #999, #904 ) ;
#1890 = DIRECTION ( 'NONE',  ( 0.000000000000000000, 0.000000000000000000, 1.000000000000000000 ) ) ;
ENDSEC;
END-ISO-10303-21;
